,holdout_prices
0,83929862660.69635
1,83929871252.21722
2,83923579460.39182
3,83927323513.1506
4,83918390092.91919
5,83917843224.7683
6,83927916522.30392
7,83929702608.16965
8,83915563702.47525
9,83916422102.19772
10,83932230727.93803
11,83928149970.31293
12,83927114663.7728
13,83924556171.84752
14,83947022183.43466
15,83922431214.80298
16,83930203725.9931
17,83927606552.05734
18,83925819478.87381
19,83917466005.95474
20,83926113345.7192
21,83929023225.90163
22,83929817696.88634
23,83916318122.4524
24,83928957714.32214
25,83931920881.18039
26,83928018606.11075
27,83926063020.74104
28,83927879309.79968
29,83927009443.8063
30,83921785300.04593
31,83917741087.25615
32,83929895276.64967
33,83922319059.46274
34,83929002771.354
35,83928985025.69814
36,83928487407.20337
37,83928176884.62943
38,83918033879.69193
39,83929056847.27336
40,83931725262.97685
41,83927939506.18396
42,83928904250.50494
43,83929018278.79245
44,83927281849.42706
45,83928960397.74417
46,83926545414.20221
47,83929881445.05902
48,83930111938.88963
49,83922426582.91449
50,83925791699.55965
51,83920910452.81999
52,83927693963.17111
53,83927033123.81918
54,83932010657.56053
55,83929709546.49522
56,83922612761.82083
57,83930025054.79518
58,83916909908.84735
59,83926067042.58813
60,83926831027.32811
61,83915605053.38393
62,83915306036.27386
63,83912786256.57028
64,83915690503.0145
65,83912965814.92664
66,83931373379.79102
67,83914772061.82971
68,83918123430.38467
69,83912678126.19661
70,83916368534.54152
71,83912737627.64142
72,83915074608.91089
73,83913111042.3302
74,83914962199.55188
75,83912885759.15738
76,83914073487.69687
77,83924205216.71436
78,83924084564.49939
79,83914957537.59769
80,83914105245.91684
81,83912698110.05203
82,83916797501.12788
83,83921869349.01666
84,83915654471.83405
85,83918153923.21895
86,83915661968.08713
87,83932582264.20746
88,83922681484.8069
89,83915712959.35172
90,83919803073.9151
91,83922052171.7688
92,83920746376.45312
93,83931483087.1488
94,83922623959.13203
95,83924002948.77466
96,83923229134.43767
97,83922301476.9978
98,83924882474.55872
99,83915650633.07227
100,83915640135.61186
101,83924688067.44424
102,83924778626.75562
103,83916655393.28578
104,83923165839.83331
105,83921724418.37973
106,83916290198.14374
107,83921346987.319
108,83915632195.00848
109,83921997134.23926
110,83923052822.51968
111,83919102017.5805
112,83912319974.83388
113,83916755708.81215
114,83915207620.02669
115,83914435885.82684
116,83912928768.13318
117,83915630357.35895
118,83914254764.62474
119,83912977165.75629
120,83915505168.06967
121,83912785177.57684
122,83913220104.3782
123,83913157461.00427
124,83916080989.69312
125,83915504779.74185
126,83912903851.76663
127,83915162442.68954
128,83915437376.56586
129,83914494475.85176
130,83912394195.48221
131,83914448420.92076
132,83913707949.02441
133,83915391622.86475
134,83915665420.36438
135,83917532735.50266
136,83915615143.50769
137,83917027889.24055
138,83915290533.68066
139,83915291389.74832
140,83915325635.2132
141,83912364399.19168
142,83915308851.07855
143,83913998923.86848
144,83915701542.96991
145,83914025785.82028
146,83915605109.22464
147,83915430238.60461
148,83913177888.09993
149,83915607592.68318
150,83916096556.93358
151,83915658110.53711
152,83915166961.63206
153,83915746205.40897
154,83915415866.80261
155,83915430501.99301
156,83917641130.64246
157,83926279392.13184
158,83917931375.79744
159,83917873622.13751
160,83922989800.458
161,83925777638.3078
162,83925770136.92535
163,83929733935.01236
164,83922646492.89679
165,83921677394.41536
166,83921981151.25226
167,83921258857.08965
168,83922166860.08058
169,83931317495.66718
170,83920833490.22261
171,83918345497.4331
172,83925364378.23088
173,83918532950.28629
174,83923946865.97237
175,83925703996.71542
176,83922508647.3111
177,83921213025.37592
178,83921843351.75156
179,83924891908.98215
180,83912948522.16772
181,83915754739.84659
182,83921582135.89325
183,83929939106.7093
184,83916739077.82007
185,83919155087.76347
186,83920446633.34393
187,83916942760.88892
188,83919915937.51698
189,83916676701.76872
190,83917838508.71747
191,83923478956.78577
192,83928940160.11136
193,83938593999.78735
194,83929605361.5366
195,83913850658.98753
196,83917942398.9641
197,83917149481.08931
198,83929293377.95386
199,83942669978.71216
200,83917831591.34871
201,83933653958.67522
202,83916521537.86244
203,83923456086.60626
204,83930419520.72766
205,83917588977.55112
206,83926464057.31128
207,83928828308.46622
208,83920326091.13338
209,83916578502.07368
210,83917479679.01532
211,83929375082.59113
212,83935210414.47787
213,83931470269.14258
214,83921612254.2099
215,83923026086.19737
216,83914125252.11214
217,83917782524.07437
218,83912835136.26743
219,83912541291.29495
220,83914325949.62282
221,83913176248.0366
222,83912617749.30399
223,83914350610.79327
224,83915500637.16002
225,83917758425.05478
226,83914066369.6223
227,83913770531.24066
228,83932645883.5235
229,83912521107.57983
230,83913702835.71661
231,83914841177.7496
232,83914223910.74838
233,83932313544.11014
234,83913070245.73404
235,83913283695.18884
236,83917505333.88113
237,83915494392.27151
238,83915076156.61536
239,83912382402.87427
240,83914222124.55916
241,83914968262.99046
242,83912355309.798
243,83913110089.69867
244,83912371830.01265
245,83916413417.32303
246,83912499927.41222
247,83913724578.86139
248,83914951418.82166
249,83914019977.81372
250,83912618478.88264
251,83912705902.0759
252,83914904828.24112
253,83915608633.85698
254,83913651808.10696
255,83912723466.5654
256,83914619417.44203
257,83914721762.69525
258,83931651393.93622
259,83915605368.72256
260,83916684020.26183
261,83915521241.31218
262,83915445807.74774
263,83914364989.70003
264,83913046856.11783
265,83915880414.69865
266,83914308409.5195
267,83913492050.95183
268,83915954458.98537
269,83914307626.70561
270,83932279619.75941
271,83913202128.74016
272,83915433453.92316
273,83915704977.91296
274,83912409760.36261
275,83912468898.70172
276,83914992993.61855
277,83915510084.19054
278,83915554164.64018
279,83913113952.47464
280,83914332776.69214
281,83932199534.45013
282,83912970034.52234
283,83914804352.39127
284,83914722774.1263
285,83915438374.34581
286,83912900430.14252
287,83915232508.88232
288,83915228957.12244
289,83915248514.71118
290,83914692454.52258
291,83912334312.16992
292,83915207958.24379
293,83914129040.56097
294,83913532494.01244
295,83914803428.0938
296,83914313606.48923
297,83912445155.94897
298,83915005553.58696
299,83913743236.72287
300,83913607429.0666
301,83912395940.51906
302,83913001688.16501
303,83914408383.9202
304,83915289301.84612
305,83915212526.60117
306,83913800524.23409
307,83915379408.35236
308,83914371625.59497
309,83914778094.64265
310,83914024938.53896
311,83913335165.90967
312,83914272960.75903
313,83913551124.18785
314,83914325890.66367
315,83915582073.24042
316,83912504615.80717
317,83912590133.61765
318,83951808157.9635
319,83944179672.82715
320,83935829304.85455
321,83937035681.33116
322,83939419660.56934
323,83953337696.58517
324,83941020713.94061
325,83945079426.20404
326,83939593018.91495
327,83937288715.59645
328,83942173752.07521
329,83951346562.81015
330,83947914485.60612
331,83940362522.54929
332,83943010756.37695
333,83937240322.4191
334,83935553785.99019
335,83939059109.21817
336,83948819493.98627
337,83939866826.0187
338,83945223038.6882
339,83944833589.87433
340,83935926334.80939
341,83944606066.84955
342,83945820516.33737
343,83944084696.44499
344,83924378622.78497
345,83951204608.7212
346,83947678831.82515
347,83945925504.45006
348,83930873494.68837
349,83947604492.74268
350,83945349444.9438
351,83945048541.07758
352,83937720169.52477
353,83948686311.06279
354,83945096037.77304
355,83937207527.27301
356,83915729318.6669
357,83943990896.98425
358,83946556080.50604
359,83938193838.00815
360,83939197071.16501
361,83947354845.79413
362,83945412887.73691
363,83943383256.5191
364,83941004479.64565
365,83945909723.08615
366,83938287592.8545
367,83947284657.08757
368,83934739983.14716
369,83944036970.42126
370,83935043693.7662
371,83941509782.65479
372,83949413369.54915
373,83938354401.48065
374,83943363308.80371
375,83945475562.13464
376,83946575196.35239
377,83915001468.52786
378,83916478058.78432
379,83935955625.31403
380,83937024020.65388
381,83937572581.66031
382,83933102085.34389
383,83942048800.91277
384,83948970504.91405
385,83914582894.2486
386,83933686063.0603
387,83947241451.25885
388,83934804766.33215
389,83950684265.72208
390,83920593877.85315
391,83941038786.51196
392,83936129630.0853
393,83950954986.14655
394,83939842685.99289
395,83950089726.24565
396,83938831677.98245
397,83938100921.45154
398,83936857549.53185
399,83943357097.28116
400,83938395460.43515
401,83916946199.24657
402,83915891582.17099
403,83914244229.64552
404,83914973392.36581
405,83914975085.72025
406,83912726299.72845
407,83915756731.68948
408,83917930467.3374
409,83913562612.34293
410,83914453097.15128
411,83915891605.56656
412,83914982197.60861
413,83915749167.66795
414,83915451681.21996
415,83915285172.83392
416,83915715700.76859
417,83913457690.7474
418,83914995440.95578
419,83912817290.19205
420,83914559989.19604
421,83914979306.43152
422,83912797531.85278
423,83914978135.24023
424,83912544518.63708
425,83913499277.6894
426,83915334651.11241
427,83915800064.24976
428,83914652912.99744
429,83913446828.107
430,83914670676.1495
431,83917815901.49341
432,83915001395.60487
433,83915387874.01392
434,83917000174.61417
435,83932224096.78879
436,83920181403.07254
437,83925259470.08203
438,83929205042.20407
439,83924792799.70853
440,83923366298.49876
441,83919737772.33223
442,83916610253.83441
443,83916665356.00584
444,83920390748.95741
445,83922194417.21626
446,83916566259.62668
447,83914949163.98337
448,83916299913.61029
449,83921459774.85864
450,83918688657.65005
451,83919768458.94865
452,83917019928.90015
453,83917153589.4644
454,83914324169.19206
455,83917278733.20428
456,83919998377.07904
457,83925889814.49554
458,83926658945.95929
459,83918780555.57115
460,83916368920.81464
461,83913032846.15137
462,83913511346.76978
463,83913651400.06241
464,83915330947.36684
465,83914578843.18471
466,83914185927.94077
467,83913465007.03314
468,83915468273.06543
469,83913019106.1813
470,83917544121.24063
471,83916385847.61441
472,83913537661.50934
473,83912697702.07684
474,83916465288.19237
475,83914208371.09717
476,83915325722.50783
477,83915110484.70932
478,83913091169.65662
479,83917136476.779
480,83915497203.2576
481,83915545305.05197
482,83937056506.56322
483,83924927916.36974
484,83936385855.16656
485,83937119616.6559
486,83937433264.44237
487,83937888029.82822
488,83934193939.31883
489,83913549757.18668
490,83946800562.71854
491,83935956035.59106
492,83934551297.52701
493,83938312976.53041
494,83934221863.4176
495,83933478759.87773
496,83934848652.03964
497,83934105232.733
498,83925826888.81862
499,83935968320.66954
500,83945026085.96274
501,83929773192.51437
502,83932664948.03326
503,83938227812.07924
504,83936630790.03723
505,83928963294.74753
506,83936551749.04593
507,83931980430.95123
508,83929395956.33978
509,83934151771.36818
510,83936671967.27026
511,83933232722.82626
512,83937066429.44675
513,83933787472.0037
514,83933949754.76244
515,83919828575.18706
516,83926341185.21803
517,83930530967.03152
518,83936885763.80179
519,83936079758.90448
520,83934264527.30743
521,83913147953.8916
522,83933453442.82925
523,83937162311.61082
524,83938166058.2509
525,83934806423.52716
526,83926767827.18466
527,83931545474.37543
528,83930761603.87642
529,83931997758.13495
530,83916260398.19772
531,83937309664.71783
532,83912601763.69815
533,83912428528.68729
534,83914848100.52249
535,83914949970.24336
536,83934574255.25769
537,83933712996.04886
538,83939395586.78009
539,83938181145.46106
540,83917812234.07965
541,83937084534.00311
542,83932712109.49918
543,83919418028.43504
544,83935458446.1809
545,83933908950.61588
546,83935702705.46332
547,83923537410.24258
548,83936769565.65308
549,83949991079.34125
550,83936587520.24985
551,83946744634.91011
552,83932047279.79196
553,83934949921.89832
554,83940140207.12286
555,83916201224.54376
556,83915922060.10101
557,83938187862.87057
558,83934424993.06836
559,83917226134.12462
560,83927828027.19284
561,83935027595.20584
562,83937179355.48941
563,83947200600.09152
564,83939814271.9783
565,83941092249.40894
566,83940203707.51288
567,83918827469.64557
568,83932022943.64986
569,83932831992.13467
570,83943403243.70413
571,83923210690.71207
572,83932866760.78375
573,83937448447.02164
574,83940206727.60262
575,83944168643.242
576,83917807583.84439
577,83936766345.29355
578,83938546990.27823
579,83936335354.21796
580,83937197114.24098
581,83926414116.69995
582,83933819404.09749
583,83933527735.61896
584,83914872080.60077
585,83935737136.28886
586,83929480331.0617
587,83936061978.43358
588,83934955163.91505
589,83935575020.71997
590,83938227462.94743
591,83940317050.69113
592,83912473398.84438
593,83916486389.48097
594,83915296477.36256
595,83914159421.8511
596,83912534105.81766
597,83915750521.58383
598,83915152217.59454
599,83916572180.71373
600,83914848038.91489
601,83914981512.36234
602,83914807656.03326
603,83915778809.95569
604,83914807235.2734
605,83914121727.77263
606,83914772654.95328
607,83928334674.12115
608,83914771826.12091
609,83914835302.75769
610,83914738571.15503
611,83914168875.5189
612,83915463382.99733
613,83915261986.66724
614,83914496988.08267
615,83949535445.37857
616,83945614199.65082
617,83951537709.13596
618,83943657870.05484
619,83946223886.87843
620,83945461215.08075
621,83948680538.9791
622,83939109353.73238
623,83948347205.71136
624,83913252422.05814
625,83955449365.96057
626,83918518167.7994
627,83938358903.6322
628,83936111707.50574
629,83946490379.83026
630,83951630968.35277
631,83935736440.92838
632,83946968122.71925
633,83957064659.21027
634,83952626755.59067
635,83944350134.78787
636,83917679189.06938
637,83953634766.91095
638,83945330685.32224
639,83926646377.50514
640,83952977016.71039
641,83929795927.16246
642,83952638511.91231
643,83953673498.98248
644,83919810092.5934
645,83947713365.97571
646,83915696703.01364
647,83916526828.05275
648,83916456878.71881
649,83913279342.58238
650,83915788928.2463
651,83912760397.90695
652,83913929821.12395
653,83913191186.86742
654,83914779802.02902
655,83913131852.96228
656,83915081357.60043
657,83913915907.15971
658,83912691646.78049
659,83914756390.4053
660,83913369430.31519
661,83917676711.67545
662,83912873102.85788
663,83913085022.2922
664,83914596283.30318
665,83950626737.40317
666,83952952308.58191
667,83939862723.9873
668,83944743546.57547
669,83953164288.26233
670,83930663438.86601
671,83955174941.1321
672,83918826744.10025
673,83922781967.99567
674,83945532565.6234
675,83945822154.96451
676,83945778932.2659
677,83945458934.8245
678,83937928938.73047
679,83939872519.34477
680,83939419756.37914
681,83950945500.36157
682,83951448809.03731
683,83954582115.9856
684,83912744485.71744
685,83937558817.0708
686,83952484174.57593
687,83948401843.5969
688,83935503413.03615
689,83916556611.70032
690,83953010062.43056
691,83912504364.61417
692,83940229270.37723
693,83932244992.85773
694,83953578895.28636
695,83947013854.85402
696,83945815674.09808
697,83939045426.03087
698,83922538734.71776
699,83952503956.13235
700,83931145715.79218
701,83954101576.04996
702,83954648656.66705
703,83914675225.50037
704,83916159018.45145
705,83950839226.3624
706,83944344877.16248
707,83945942677.42282
708,83950306516.19772
709,83919127981.04097
710,83941907801.81384
711,83944467761.75183
712,83946630598.63422
713,83952924786.84532
714,83950904210.94737
715,83940521057.72302
716,83945492693.86618
717,83952492254.69992
718,83942360856.98923
719,83917960928.08295
720,83945455968.91678
721,83920507402.99115
722,83954934156.15266
723,83953074124.43156
724,83948575954.04936
725,83915016696.93903
726,83917925954.4618
727,83939663658.495
728,83936244569.70157
729,83917613900.24953
730,83917925030.22295
731,83916630169.26096
732,83913595302.41365
733,83915740783.79942
734,83914930803.79343
735,83916670270.04999
736,83914571113.10141
737,83915369355.63571
738,83914619437.59235
739,83912895300.66626
740,83912445390.87054
741,83914865098.27754
742,83914996960.48438
743,83914676837.19983
744,83915392578.66159
745,83914443185.90573
746,83915072758.67535
747,83913574732.9937
748,83915451926.58315
749,83915000953.36192
750,83914491446.9555
751,83913965811.59177
752,83915746431.67569
753,83915700524.1813
754,83915013877.57486
755,83913937473.40346
756,83914999142.08661
757,83915858031.64445
758,83914694384.12154
759,83917383021.71906
760,83916702956.7425
761,83915394145.86517
762,83914591461.84131
763,83914990133.59818
764,83914704597.96877
765,83913945094.46732
766,83915014564.04498
767,83914873867.81062
768,83916680012.09543
769,83915066499.89511
770,83912443741.48007
771,83913651590.37566
772,83917023113.02997
773,83914632567.57895
774,83915083570.34354
775,83915434071.07315
776,83915066471.70648
777,83916134435.2502
778,83914606724.3046
779,83914877309.35315
780,83914628920.25638
781,83917424532.70123
782,83914613413.43167
783,83914634464.9114
784,83915748813.4035
785,83914621744.57678
786,83914632412.39142
787,83913146163.40695
788,83914671292.00749
789,83915001802.64046
790,83915635012.41534
791,83916746627.88414
792,83914596587.66864
793,83915702779.16782
794,83917384042.54709
795,83912518187.75928
796,83916134652.35863
797,83915833676.59126
798,83915011804.49597
799,83915357880.38336
800,83914595763.12906
801,83916097252.99866
802,83914619142.07587
803,83915740119.46088
804,83915391826.60837
805,83914998315.50116
806,83914307509.97412
807,83915462886.64761
808,83914992967.08092
809,83913226849.62872
810,83912107561.95183
811,83914581541.59247
812,83912931055.8908
813,83915711794.9737
814,83915796494.02803
815,83915092130.08908
816,83916309353.33273
817,83947178195.79584
818,83914990369.33524
819,83914730318.37088
820,83914760939.40105
821,83915299272.39307
822,83914629597.44225
823,83915376068.58632
824,83915432966.3396
825,83915024606.4364
826,83914670517.19226
827,83915103875.09036
828,83914988830.4479
829,83914651911.26521
830,83914586445.74953
831,83914761434.87389
832,83914626488.60555
833,83914696649.70602
834,83912443730.12265
835,83917464186.12
836,83914687969.40776
837,83914691920.17586
838,83914588689.48376
839,83914963351.56767
840,83913636818.38324
841,83915763856.32973
842,83915431048.23767
843,83914306413.7465
844,83924417541.3011
845,83936686147.14871
846,83947921755.77072
847,83936106255.61716
848,83945052348.75496
849,83944174930.06049
850,83916913184.4277
851,83938655904.99132
852,83939383644.64944
853,83939225489.8884
854,83949412585.64156
855,83939246802.30573
856,83943700045.10565
857,83937057226.92017
858,83937829876.08739
859,83951275541.59256
860,83939304079.22076
861,83939456278.96799
862,83944980654.93045
863,83936747905.56503
864,83950910084.67587
865,83945728882.85126
866,83934149336.89299
867,83939355972.04832
868,83934141275.75168
869,83947465760.33154
870,83935819585.82672
871,83936769259.41055
872,83916116750.13342
873,83913466140.50484
874,83912450540.69366
875,83913468085.99078
876,83913474773.84604
877,83914936067.76796
878,83914429601.69185
879,83913100957.24722
880,83914231311.65903
881,83913432858.82462
882,83915385817.67456
883,83914187568.22664
884,83915819311.0076
885,83915437403.74434
886,83916809436.05887
887,83915203152.63913
888,83916024006.66533
889,83912699882.18224
890,83913438619.82494
891,83913512203.06816
892,83912686392.40457
893,83913085976.8622
894,83912406439.1055
895,83915492932.52103
896,83914230119.60974
897,83912406414.80704
898,83913410502.02481
899,83912690877.87674
900,83915463999.04396
901,83913008358.55997
902,83914569515.63968
903,83912639179.61035
904,83916866543.70665
905,83916863731.29752
906,83916237979.94463
907,83914627955.33388
908,83913460213.4313
909,83914840064.20737
910,83912589598.0072
911,83914149412.05304
912,83914626152.69212
913,83932960053.22508
914,83918198182.77081
915,83929402173.46783
916,83944365890.34296
917,83952516741.81529
918,83940018794.05112
919,83950086061.35254
920,83948132199.78204
921,83938028070.1531
922,83944727919.11414
923,83945325659.69847
924,83922373664.85294
925,83950473049.95206
926,83931134237.70222
927,83914620599.45547
928,83915780971.56407
929,83917407684.39534
930,83915464489.52588
931,83944643843.05179
932,83944450000.10394
933,83940060306.637
934,83915004604.33386
935,83946584013.02359
936,83954781300.03024
937,83929251625.51328
938,83919650466.78671
939,83954734709.51134
940,83946211449.05826
941,83925595719.4993
942,83938445705.71638
943,83938585149.6831
944,83953106293.41946
945,83915081468.07497
946,83914666073.04526
947,83912487585.35536
948,83916177975.90656
949,83912139845.6477
950,83912916454.40714
951,83915043782.42154
952,83912449213.64455
953,83915364422.69347
954,83914840151.72714
955,83916533196.74257
956,83917022753.78278
957,83944261466.69348
958,83914982113.68036
959,83914647990.47552
960,83914276700.98643
961,83914702956.09048
962,83912167336.34567
963,83915481356.60254
964,83915001072.12814
965,83916136868.97711
966,83914769031.93622
967,83915342356.80972
968,83915468375.12604
969,83912451682.29817
970,83915063875.23077
971,83912469004.17795
972,83912412302.01888
973,83914473190.32635
974,83912549023.45856
975,83914268153.84055
976,83916197171.41441
977,83914648061.60559
978,83912820908.46234
979,83915323810.86996
980,83914469344.50677
981,83914991551.14702
982,83915385871.51147
983,83924747118.16077
984,83914664960.77838
985,83914667205.33539
986,83912438005.0663
987,83912429582.22946
988,83912389973.07663
989,83912531494.70605
990,83914692480.11787
991,83916596614.23271
992,83912434833.94229
993,83915092957.66714
994,83914653931.27611
995,83914250910.30377
996,83915402809.94955
997,83914412156.25284
998,83952983968.71907
999,83949237488.82535
1000,83948581907.20476
1001,83948018922.18896
1002,83944410484.42822
1003,83951481771.95773
1004,83951782398.08464
1005,83948381984.75519
1006,83932346137.24551
1007,83934451191.99518
1008,83943364305.4451
1009,83943896478.85913
1010,83941128100.89517
1011,83945061948.75124
1012,83916878252.91463
1013,83943968287.65228
1014,83936997591.03516
1015,83944592370.6947
1016,83912744214.7066
1017,83945791767.17157
1018,83943273901.23016
1019,83920421778.39215
1020,83936588276.84477
1021,83944196105.62573
1022,83933674013.96101
1023,83938299370.57065
1024,83937698131.65005
1025,83914672219.57016
1026,83945976472.02524
1027,83945045276.60861
1028,83945123695.64789
1029,83917955596.7314
1030,83937692380.62494
1031,83944995124.45581
1032,83941036501.74356
1033,83935459117.50699
1034,83937463132.37567
1035,83951025141.7374
1036,83945847675.54645
1037,83939033146.62802
1038,83912750207.5302
1039,83918773336.88902
1040,83939078717.55133
1041,83926402908.49988
1042,83923840282.10666
1043,83914406624.04565
1044,83948123593.53206
1045,83951771048.11302
1046,83938414548.07536
1047,83912612852.33858
1048,83939947465.96378
1049,83941858556.5874
1050,83938022886.96783
1051,83948018608.80887
1052,83936650556.41193
1053,83944037203.43451
1054,83923144789.06148
1055,83939036612.79758
1056,83932955879.73273
1057,83950897027.42374
1058,83950375734.48547
1059,83945208529.88496
1060,83954662526.61902
1061,83944360887.41446
1062,83912753916.7216
1063,83916938933.85056
1064,83914632482.74146
1065,83913884227.65956
1066,83912654506.5144
1067,83916051434.4816
1068,83912484386.1411
1069,83912766850.52759
1070,83915009848.16858
1071,83914558191.17117
1072,83912826668.27412
1073,83914637970.98438
1074,83915687910.70709
1075,83915386984.16591
1076,83915390266.86671
1077,83913778168.96031
1078,83915007631.52048
1079,83915419564.89291
1080,83912673105.84163
1081,83915725166.50975
1082,83915760849.02544
1083,83916012930.04459
1084,83915181227.5244
1085,83913399749.82384
1086,83912799000.80212
1087,83912373739.0485
1088,83912199499.39838
1089,83912483264.60286
1090,83914673848.82101
1091,83918425845.25578
1092,83916126570.36632
1093,83913177802.20163
1094,83913701892.39508
1095,83915001549.47476
1096,83915391947.43025
1097,83913890102.02643
1098,83912435490.46384
1099,83912738082.68974
1100,83915313903.02527
1101,83912992824.26709
1102,83915415919.49567
1103,83914559819.89267
1104,83914906238.337
1105,83914552232.6101
1106,83915403727.94969
1107,83914979424.51485
1108,83930296252.69011
1109,83930684377.43507
1110,83917099219.797
1111,83934769185.9779
1112,83918893637.4924
1113,83922671266.66185
1114,83923790497.85175
1115,83919898715.54639
1116,83920791083.264
1117,83926609500.9671
1118,83927040921.18109
1119,83927747535.32164
1120,83922465494.9508
1121,83927922983.40303
1122,83934242610.914
1123,83934144767.29785
1124,83919830065.31805
1125,83928358621.15652
1126,83933828904.53691
1127,83922631578.42012
1128,83923924880.9726
1129,83930074463.7136
1130,83919991423.36395
1131,83921156273.48654
1132,83918165133.5831
1133,83920363638.85358
1134,83924299969.48952
1135,83920577761.97368
1136,83934298203.81866
1137,83922358290.01294
1138,83920476320.3031
1139,83936797406.96367
1140,83926327200.3811
1141,83924002564.81001
1142,83921169378.55737
1143,83938097458.61526
1144,83936293822.262
1145,83923222367.37299
1146,83917356096.32242
1147,83924955388.8401
1148,83923803847.3862
1149,83930688969.02629
1150,83926404798.96643
1151,83925807080.34398
1152,83935804022.99782
1153,83930226188.88461
1154,83917503877.96558
1155,83919131487.1922
1156,83928432297.15213
1157,83932384238.28018
1158,83925117688.43387
1159,83930612148.65906
1160,83922905134.35825
1161,83921543354.3298
1162,83932903697.24646
1163,83918123976.37256
1164,83930853650.00786
1165,83920112302.65869
1166,83918150018.81526
1167,83929692025.04784
1168,83917383482.14436
1169,83930238755.92694
1170,83930225296.19698
1171,83917538789.58011
1172,83913189473.62006
1173,83912653775.44638
1174,83914146418.66113
1175,83912761492.19551
1176,83913407845.875
1177,83917879484.08371
1178,83916018853.07288
1179,83915271943.7346
1180,83913475906.13388
1181,83913407426.956
1182,83918060652.25685
1183,83916636673.43094
1184,83916917642.8486
1185,83915323002.49133
1186,83919651437.04533
1187,83915736827.45401
1188,83913090424.723
1189,83914302588.13371
1190,83928714570.07486
1191,83916548629.33975
1192,83928759003.90265
1193,83925748503.77695
1194,83928754598.27744
1195,83925633815.34113
1196,83917851575.10832
1197,83920661303.02914
1198,83927208203.6975
1199,83918521595.27542
1200,83928737768.68968
1201,83921746505.30502
1202,83916853073.55048
1203,83929072450.05045
1204,83932783571.58493
1205,83916467223.8015
1206,83929904713.4847
1207,83932549231.0451
1208,83922181454.89833
1209,83921494665.90714
1210,83929240483.30316
1211,83928769572.18324
1212,83920971098.3128
1213,83921452459.96884
1214,83928789941.74168
1215,83919325279.44089
1216,83915655113.01202
1217,83912926911.56216
1218,83916412920.12834
1219,83929580347.80215
1220,83921009368.19351
1221,83917128254.33311
1222,83916248576.97388
1223,83921103779.39911
1224,83915804135.2503
1225,83929411979.67221
1226,83922079349.88669
1227,83922563788.57397
1228,83923512576.57541
1229,83912807870.7043
1230,83924872749.32263
1231,83919586605.34949
1232,83926940670.19861
1233,83928758743.48093
1234,83918266487.81027
1235,83930967234.49352
1236,83916406516.51257
1237,83915858668.5553
1238,83913614774.02448
1239,83921256863.27875
1240,83920738210.18536
1241,83923025891.46555
1242,83915933830.46135
1243,83921064072.81708
1244,83915734071.15306
1245,83925582465.04651
1246,83927335438.3041
1247,83920792465.0132
1248,83927677162.27097
1249,83913494961.7717
1250,83913887615.58481
1251,83915133759.69388
1252,83916904520.62767
1253,83915057122.15149
1254,83916063754.78455
1255,83915742894.5405
1256,83913948895.47589
1257,83912945334.59174
1258,83915211420.8538
1259,83917242325.32852
1260,83914738752.33737
1261,83913756125.65228
1262,83913630162.02481
1263,83913788750.97289
1264,83912289053.12482
1265,83912936107.44067
1266,83912541226.53098
1267,83913712635.81487
1268,83912877301.20282
1269,83912829629.65079
1270,83912413096.18063
1271,83912257085.63705
1272,83912923005.87555
1273,83912462998.05022
1274,83912817767.0438
1275,83912365215.09535
1276,83916024177.12466
1277,83915161518.44223
1278,83913897422.8529
1279,83916151341.6646
1280,83912178164.3141
1281,83913748058.17871
1282,83912480044.06757
1283,83914608880.3184
1284,83913144020.08112
1285,83916709843.40138
1286,83912548152.47278
1287,83912652333.20178
1288,83913985259.75267
1289,83913620151.75809
1290,83912536760.57565
1291,83912455089.12756
1292,83912589848.42183
1293,83913963926.30042
1294,83915222809.24197
1295,83913829056.89935
1296,83914074334.02473
1297,83912884517.63977
1298,83912137166.08632
1299,83912598203.78656
1300,83914876169.64252
1301,83915241250.34955
1302,83914000013.72398
1303,83914625873.1416
1304,83915907542.31618
1305,83944421824.0947
1306,83952588278.42413
1307,83955423990.91252
1308,83948525633.32492
1309,83952422042.03426
1310,83947208799.06616
1311,83946209917.13792
1312,83935420113.1913
1313,83944207184.86174
1314,83946258565.77014
1315,83944905396.13002
1316,83949859996.71727
1317,83942702210.26523
1318,83947930761.3353
1319,83913355312.56989
1320,83946120403.29956
1321,83948170533.0688
1322,83916197983.81929
1323,83912573252.98944
1324,83916044638.90686
1325,83912670063.25491
1326,83912884342.1342
1327,83915592198.94118
1328,83914916183.10582
1329,83912666278.29863
1330,83914852499.89043
1331,83915258250.31863
1332,83914875303.75409
1333,83927044033.32019
1334,83939139233.78822
1335,83930198693.12228
1336,83937242095.98016
1337,83929809056.30223
1338,83926762891.93216
1339,83935899687.79135
1340,83936224429.42905
1341,83930682848.45055
1342,83930613207.68758
1343,83915671898.00899
1344,83916855855.88065
1345,83936052763.16391
1346,83933330445.03513
1347,83932151708.06815
1348,83935891331.2234
1349,83921267862.21803
1350,83937283704.04578
1351,83919074107.88658
1352,83938222453.80675
1353,83918886578.65283
1354,83940548817.24861
1355,83928256761.24138
1356,83939878067.07669
1357,83936273032.938
1358,83929880967.50429
1359,83937148869.04437
1360,83940379900.4337
1361,83915737889.44084
1362,83914888655.65958
1363,83926077997.79208
1364,83912622114.98535
1365,83914284451.11365
1366,83914894137.92377
1367,83914884723.16054
1368,83912881876.04004
1369,83916612638.33875
1370,83935986031.25906
1371,83931687313.48497
1372,83930531408.94531
1373,83924608703.44394
1374,83932594695.1254
1375,83927572418.42209
1376,83937603968.63332
1377,83916966190.18481
1378,83934242441.01822
1379,83930807911.18079
1380,83935070567.21684
1381,83932000993.19318
1382,83936391075.59186
1383,83936632962.42609
1384,83914866225.02931
1385,83936386651.01595
1386,83930870135.87355
1387,83937067364.43845
1388,83934757638.67575
1389,83939010727.31851
1390,83935201503.55286
1391,83937026805.4031
1392,83934896329.89703
1393,83945257585.7762
1394,83933752826.51463
1395,83941261925.13892
1396,83925289890.53748
1397,83941403777.54404
1398,83916719852.33142
1399,83915544380.7393
1400,83932059855.66293
1401,83934940086.30872
1402,83934880596.8403
1403,83934140971.57434
1404,83916257842.38885
1405,83935697327.95
1406,83927745892.03418
1407,83935404419.0902
1408,83933637551.18918
1409,83934818576.95523
1410,83914098507.84215
1411,83916019623.03035
1412,83915204028.55516
1413,83916667861.77025
1414,83912401027.68462
1415,83914046915.42755
1416,83914651673.56673
1417,83916648139.99516
1418,83912375406.36688
1419,83915138522.32321
1420,83914802145.12404
1421,83912410076.23108
1422,83914712708.52954
1423,83915865841.04953
1424,83917788182.56467
1425,83914213897.24086
1426,83915932003.01523
1427,83916298328.05244
1428,83912106356.56866
1429,83942226119.34409
1430,83942227661.02634
1431,83914859812.05595
1432,83914870843.96545
1433,83916889239.91208
1434,83916696200.63875
1435,83912246577.05429
1436,83916638136.42267
1437,83912570960.0298
1438,83912408034.87726
1439,83914041338.72427
1440,83914748286.87653
1441,83912403942.69348
1442,83914919691.76694
1443,83914348140.33926
1444,83915330831.27295
1445,83939658273.74434
1446,83936558420.19693
1447,83950728508.9328
1448,83931429306.1388
1449,83941277406.29926
1450,83943262816.64111
1451,83934372026.9671
1452,83946877263.3811
1453,83938807561.9419
1454,83934677809.07333
1455,83940823854.4769
1456,83934970151.29117
1457,83938445352.51309
1458,83933324672.77171
1459,83938869077.81003
1460,83918508256.32877
1461,83940831823.16422
1462,83933689356.3206
1463,83939755275.599
1464,83940933468.89655
1465,83935052384.98787
1466,83947815372.73975
1467,83933669966.58835
1468,83936682053.81796
1469,83939916449.59306
1470,83938786219.9787
1471,83934821670.46198
1472,83941007103.26819
1473,83923809902.21628
1474,83933114153.95807
1475,83928072894.05774
1476,83935882633.49303
1477,83919738776.42441
1478,83943224879.05054
1479,83925147921.53432
1480,83937964857.21864
1481,83915143823.63583
1482,83927146990.99188
1483,83940706306.53166
1484,83912700053.65977
1485,83938848340.88184
1486,83933291201.32364
1487,83936007695.21683
1488,83912237070.60693
1489,83914160580.92175
1490,83912393601.47577
1491,83915303685.45833
1492,83912330261.13403
1493,83915037843.01276
1494,83912253454.44778
1495,83912357368.38779
1496,83912251794.7197
1497,83912339038.25897
1498,83912530798.9011
1499,83913464650.56181
1500,83912316017.96057
1501,83914399515.61932
1502,83912382878.16791
1503,83912301406.95404
1504,83912622969.63458
1505,83912341912.12427
1506,83916088469.9171
1507,83916087395.98642
1508,83916400688.42595
1509,83916478050.156
1510,83916932830.39313
1511,83922158191.68936
1512,83916783775.48785
1513,83916396231.45016
1514,83921844433.83455
1515,83915768842.56516
1516,83916881636.14977
1517,83913340216.18399
1518,83919308537.95697
1519,83930107056.72226
1520,83919132753.01395
1521,83916042980.1712
1522,83912864517.1159
1523,83918489511.42813
1524,83919383744.07697
1525,83924566460.10101
1526,83924749103.71114
1527,83916373103.36414
1528,83923800162.66794
1529,83917302488.2074
1530,83917729775.27467
1531,83923795494.11894
1532,83916130133.11673
1533,83937830581.02678
1534,83924231603.74484
1535,83921403320.22565
1536,83921234311.68521
1537,83920470255.52142
1538,83916784188.77332
1539,83927200431.16013
1540,83921763742.78076
1541,83940988862.5753
1542,83915469612.42458
1543,83916393409.29294
1544,83916554753.93759
1545,83924453294.26187
1546,83923285439.69836
1547,83915613431.33313
1548,83920389695.96935
1549,83916619772.16254
1550,83916484012.72186
1551,83915752372.09462
1552,83917097607.47989
1553,83924110737.04916
1554,83914392325.25722
1555,83925184393.58046
1556,83916105870.49185
1557,83913227115.7865
1558,83916954837.39975
1559,83913828698.2803
1560,83912937948.89502
1561,83916588564.84619
1562,83913957174.55649
1563,83913467180.15207
1564,83915304896.88472
1565,83913689022.81421
1566,83916225003.05249
1567,83915787113.89331
1568,83916464829.32016
1569,83916455635.99101
1570,83914426685.1775
1571,83914242568.86595
1572,83917343667.11444
1573,83914214820.90967
1574,83914970536.76485
1575,83916646205.87695
1576,83912881865.68488
1577,83918057030.51411
1578,83914489872.7535
1579,83914976177.30998
1580,83914600595.90405
1581,83913562177.60614
1582,83913540205.77373
1583,83913924168.1919
1584,83914996901.19331
1585,83913967516.09949
1586,83914713110.6163
1587,83912885909.45964
1588,83916825712.75897
1589,83914595210.98433
1590,83914990124.59447
1591,83914916555.92567
1592,83914218292.55647
1593,83914152937.22174
1594,83913263153.03961
1595,83913597121.39899
1596,83914261840.81845
1597,83913303068.94844
1598,83915258479.21153
1599,83913863581.75034
1600,83916922563.68993
1601,83950202153.51506
1602,83943456831.27432
1603,83918138578.12982
1604,83929319551.14377
1605,83925631239.20398
1606,83919310698.67636
1607,83921862391.16116
1608,83923629365.6326
1609,83921565394.50502
1610,83915864036.34967
1611,83912457284.99564
1612,83915332125.87114
1613,83917765003.34232
1614,83916082852.42174
1615,83913477717.21698
1616,83917886888.20647
1617,83914360277.8092
1618,83912978451.90495
1619,83916233218.46815
1620,83915252654.9875
1621,83925892855.0898
1622,83925011705.40076
1623,83925745044.80365
1624,83924996312.73901
1625,83917853513.83203
1626,83926437025.14081
1627,83916881430.9723
1628,83927143240.5283
1629,83924426168.2341
1630,83929870052.3542
1631,83916477780.81693
1632,83918206264.86447
1633,83917189665.39244
1634,83919711687.55644
1635,83924692511.64677
1636,83927219979.05063
1637,83926503522.72504
1638,83922430030.71129
1639,83915984577.486
1640,83926139724.28214
1641,83925529024.59824
1642,83928947697.04979
1643,83930916725.46332
1644,83925970033.94183
1645,83928899081.47208
1646,83928922817.56714
1647,83920109504.50465
1648,83932301239.01257
1649,83915111594.27612
1650,83915264048.04779
1651,83914309057.39746
1652,83915272075.3125
1653,83915589949.58266
1654,83914646676.38124
1655,83913803461.9449
1656,83915403763.02216
1657,83922398440.54605
1658,83918597829.88855
1659,83929457329.88548
1660,83922292100.74188
1661,83925294819.65848
1662,83926209756.18425
1663,83938615306.39487
1664,83925778697.80725
1665,83947469299.73434
1666,83918336941.50537
1667,83925398109.63878
1668,83915978628.5063
1669,83926589567.46439
1670,83930478476.33844
1671,83930892291.24632
1672,83924646403.77484
1673,83925819138.73712
1674,83926160258.92995
1675,83924919258.81065
1676,83922003764.88866
1677,83919547036.52664
1678,83922447381.67201
1679,83929723089.06975
1680,83926202113.211
1681,83925553269.13342
1682,83914958243.76169
1683,83926476133.30789
1684,83931643014.61934
1685,83955643722.1866
1686,83930946424.80965
1687,83922408463.8519
1688,83938560630.51318
1689,83928647935.64284
1690,83919137110.54294
1691,83916517299.63623
1692,83917650584.35338
1693,83939398563.34311
1694,83926572176.02629
1695,83920998733.5932
1696,83919618487.535
1697,83920645198.09042
1698,83930355881.40657
1699,83915584452.01486
1700,83913778855.04236
1701,83912663726.93535
1702,83915628539.84637
1703,83912840883.32161
1704,83914608948.33578
1705,83914459839.52539
1706,83915805995.24968
1707,83914132826.99158
1708,83914401815.49841
1709,83913841940.66452
1710,83915698429.4436
1711,83916073392.89682
1712,83917112868.0433
1713,83916466624.1282
1714,83915759973.26572
1715,83913582442.83026
1716,83915951099.04898
1717,83914415759.56378
1718,83915807355.95593
1719,83914444768.57089
1720,83912860922.48788
1721,83916591474.06395
1722,83914229413.00354
1723,83916254621.30353
1724,83914444749.2338
1725,83915740481.46718
1726,83917941837.62534
1727,83912561743.17148
1728,83915373099.15129
1729,83915643501.73734
1730,83914644715.9546
1731,83915761205.79591
1732,83913287063.26888
1733,83916025908.08661
1734,83916003440.28348
1735,83913032935.85443
1736,83912837789.26099
1737,83915253703.30475
1738,83917977699.863
1739,83915949986.00977
1740,83913614505.98167
1741,83913774705.86786
1742,83915958489.7854
1743,83913835136.41623
1744,83913924738.073
1745,83912412150.48244
1746,83913148192.97205
1747,83915742121.26013
1748,83914959586.63153
1749,83914081898.40735
1750,83915575996.67947
1751,83914108260.93158
1752,83916982280.09074
1753,83915609245.19168
1754,83915763637.86572
1755,83914849968.46364
1756,83917050189.12595
1757,83912578199.91888
1758,83913447398.09064
1759,83913039896.0906
1760,83912692154.84935
1761,83917111677.1674
1762,83912591871.71526
1763,83915584491.23982
1764,83914416660.82898
1765,83915036060.978
1766,83913563150.37184
1767,83914196016.08371
1768,83915807985.64397
1769,83913723892.43132
1770,83914127174.18481
1771,83913262095.578
1772,83916978384.8519
1773,83912283463.22498
1774,83914422796.30658
1775,83912400913.0271
1776,83913839903.38245
1777,83914423183.77531
1778,83914403522.44476
1779,83915368157.50394
1780,83914445540.65186
1781,83915806407.86014
1782,83915611720.14134
1783,83915112978.89465
1784,83913365910.84047
1785,83913403238.73053
1786,83915572336.8137
1787,83914817815.3446
1788,83914438885.16106
1789,83915411530.23691
1790,83914125401.72314
1791,83913611647.932
1792,83917561019.99712
1793,83916100291.40308
1794,83915362805.84799
1795,83916514760.7919
1796,83916003857.34023
1797,83919792379.58167
1798,83916786673.01212
1799,83925510994.32904
1800,83934064293.0871
1801,83919105066.25763
1802,83926637263.52046
1803,83922927752.67865
1804,83954379262.85588
1805,83917083208.83215
1806,83917930088.9719
1807,83925551678.80396
1808,83914990844.6112
1809,83918921862.01834
1810,83916730062.63388
1811,83919507752.9021
1812,83915895028.62463
1813,83926695796.71356
1814,83929983657.22766
1815,83919474352.49594
1816,83924714392.67326
1817,83920819976.148
1818,83923038455.98349
1819,83947406740.20645
1820,83914282906.30962
1821,83912596221.54013
1822,83915775136.21649
1823,83914902158.86916
1824,83916033407.36838
1825,83915212072.32256
1826,83926735433.68509
1827,83913505929.73485
1828,83912452060.48425
1829,83912838817.94693
1830,83912303714.08679
1831,83912913586.63445
1832,83912393056.11029
1833,83912471632.12299
1834,83914451254.33243
1835,83913506565.25363
1836,83913590642.15189
1837,83914363641.20917
1838,83913391744.888
1839,83915951810.76291
1840,83915237209.48242
1841,83914167069.02145
1842,83913017204.43048
1843,83912728231.1214
1844,83914317619.48172
1845,83915877953.89685
1846,83912479143.97607
1847,83913561772.37964
1848,83912372318.59566
1849,83912392624.31165
1850,83912635725.97945
1851,83912668891.84406
1852,83914708537.47961
1853,83931809668.16022
1854,83927113120.20308
1855,83928964016.6877
1856,83927368671.5231
1857,83933411806.98836
1858,83934718953.22005
1859,83930393573.22672
1860,83934529459.84569
1861,83930194019.47531
1862,83916117563.93314
1863,83935237250.23557
1864,83937845198.78165
1865,83927470666.78188
1866,83916774757.1702
1867,83937623648.35721
1868,83926689226.09152
1869,83935849659.24237
1870,83922429247.09088
1871,83918577415.20163
1872,83934822663.354
1873,83922950761.0539
1874,83933336431.78754
1875,83941328377.82993
1876,83937398991.94933
1877,83935924857.44554
1878,83925979632.10562
1879,83936110001.69707
1880,83933455388.7315
1881,83916169986.47098
1882,83935954151.39833
1883,83927006721.488
1884,83914093734.89258
1885,83913468831.95258
1886,83916779012.74297
1887,83919282376.1511
1888,83916304238.09143
1889,83915542021.65308
1890,83915889635.47453
1891,83916614843.4076
1892,83917995649.00777
1893,83913757266.06116
1894,83918411882.17175
1895,83916681037.17514
1896,83917037879.94852
1897,83916054736.67853
1898,83913360424.56805
1899,83916118568.52806
1900,83914876489.18208
1901,83915660798.67291
1902,83915561971.71121
1903,83915619949.77011
1904,83915551813.14095
1905,83915224474.23436
1906,83914984679.19887
1907,83915794414.96335
1908,83913917647.12213
1909,83914562788.88899
1910,83913726263.99866
1911,83913358832.48149
1912,83915366950.22813
1913,83915393063.40323
1914,83913353567.39502
1915,83915946308.55222
1916,83931022053.34378
1917,83925505903.46472
1918,83925390152.44919
1919,83930499120.96605
1920,83916257786.38824
1921,83922185419.53969
1922,83923597586.03517
1923,83919895665.17532
1924,83925140669.00636
1925,83928739794.05655
1926,83920812219.6102
1927,83927133892.60895
1928,83929232106.34512
1929,83925438331.07745
1930,83927956039.8201
1931,83929635445.7066
1932,83921303310.3999
1933,83921245063.21515
1934,83924416127.27393
1935,83925588436.77155
1936,83921219571.06622
1937,83929067715.0602
1938,83920848485.56812
1939,83924347188.86687
1940,83932404848.93112
1941,83924727312.06528
1942,83920326189.8396
1943,83924408845.28967
1944,83931681742.11566
1945,83923609538.21683
1946,83923876350.84457
1947,83925112115.25256
1948,83922949468.30823
1949,83929842871.81543
1950,83923092404.34598
1951,83927736000.00455
1952,83921333904.38983
1953,83932381677.64436
1954,83931404953.34958
1955,83932369800.86098
1956,83923623941.03854
1957,83923203492.74725
1958,83929453547.20966
1959,83925140256.7048
1960,83920662945.46838
1961,83926706770.38162
1962,83930351335.53024
1963,83925346261.12262
1964,83921596053.71552
1965,83930622627.16248
1966,83921380093.25082
1967,83933507755.3619
1968,83913618889.17525
1969,83915341253.83955
1970,83912549123.48334
1971,83916736422.33897
1972,83912664105.61473
1973,83912532367.44789
1974,83912279904.83786
1975,83912428845.64134
1976,83912353464.74315
1977,83917979450.93335
1978,83913510784.7506
1979,83913586412.2136
1980,83917170964.61484
1981,83912987427.08301
1982,83914400388.35956
1983,83912274226.65958
1984,83912510294.64827
1985,83915950776.31627
1986,83915350324.59897
1987,83915762682.4917
1988,83938454681.02432
1989,83913672810.64099
1990,83912362885.8561
1991,83918327828.23145
1992,83918281319.84525
1993,83918992038.01204
1994,83914881016.58755
1995,83915009991.99782
1996,83918332640.39099
1997,83919236294.35425
1998,83918140287.27603
1999,83916024816.92905
2000,83916113157.92319
2001,83917455839.90793
2002,83917725700.15381
2003,83916841277.508
2004,83945554678.12549
2005,83917732391.38057
2006,83916742487.11784
2007,83917734728.8078
2008,83917892161.55649
2009,83928643572.43509
2010,83918303879.42278
2011,83927928510.42719
2012,83915233595.05974
2013,83916817345.8274
2014,83916145182.03467
2015,83931191456.31326
2016,83917833633.57999
2017,83916410341.73381
2018,83920331785.07895
2019,83917630572.36023
2020,83944107850.79527
2021,83919525885.84137
2022,83914857597.35461
2023,83915748728.79791
2024,83915841679.25066
2025,83913783139.9369
2026,83915931046.66707
2027,83913242216.77509
2028,83917529251.71799
2029,83916152290.27219
2030,83917978497.9393
2031,83917569247.87878
2032,83914080227.55685
2033,83914191426.37318
2034,83914544373.19269
2035,83915502160.36336
2036,83917768774.20834
2037,83917525861.00574
2038,83914108630.65173
2039,83914336293.68607
2040,83914930884.00647
2041,83918781058.35422
2042,83914205094.6156
2043,83912552110.42502
2044,83914813080.11938
2045,83912220535.73486
2046,83915691373.11987
2047,83914238445.4837
2048,83914969330.48743
2049,83915311678.93063
2050,83913293520.46924
2051,83913921686.25154
2052,83914407630.3311
2053,83913220663.45868
2054,83912263217.53165
2055,83914763140.66356
2056,83915179166.8569
2057,83917235169.28685
2058,83914861021.8685
2059,83912543119.52917
2060,83916829516.10626
2061,83913412090.47163
2062,83916857305.00076
2063,83914196797.4379
2064,83914015269.84387
2065,83915063962.38455
2066,83913240031.23128
2067,83915812072.18329
2068,83917227575.13155
2069,83912970781.05865
2070,83915655963.87683
2071,83915485259.53004
2072,83915851313.70576
2073,83913370373.19788
2074,83912622813.82976
2075,83915753215.00806
2076,83917569725.89423
2077,83917140914.86412
2078,83914084722.08533
2079,83912836068.27274
2080,83913468050.62378
2081,83913412171.63823
2082,83914559877.21922
2083,83913631342.42311
2084,83917184987.51791
2085,83912829125.31128
2086,83912642637.39772
2087,83912661705.55711
2088,83915694040.32336
2089,83916786232.1156
2090,83912607998.05444
2091,83914191826.38219
2092,83915758862.82916
2093,83912752580.85646
2094,83916519263.1311
2095,83912237866.88022
2096,83917215912.67274
2097,83914839558.26193
2098,83914879405.07922
2099,83917538328.60632
2100,83914195798.83359
2101,83913503567.04956
2102,83914951304.33023
2103,83914465537.30623
2104,83914857255.27338
2105,83917532560.98004
2106,83914546776.903
2107,83914123816.30206
2108,83912552266.46445
2109,83912910130.51717
2110,83912904170.81702
2111,83916435365.27289
2112,83915638702.34726
2113,83919751226.99379
2114,83916276490.47388
2115,83941521883.83546
2116,83932648482.86627
2117,83920384654.7178
2118,83916212694.82129
2119,83935935520.22685
2120,83915974505.00008
2121,83917274946.30083
2122,83918110801.77002
2123,83920346799.88751
2124,83920315316.12949
2125,83919606034.14014
2126,83921553167.07033
2127,83922186294.62646
2128,83918776984.72693
2129,83921602021.10461
2130,83923329470.59239
2131,83917379091.0373
2132,83916404488.46971
2133,83923569757.7256
2134,83926738009.79968
2135,83919914233.04175
2136,83932362449.53003
2137,83921406032.41241
2138,83915933356.21498
2139,83922130205.52844
2140,83919991192.14624
2141,83927501606.76337
2142,83915541475.85596
2143,83915296177.19698
2144,83913354155.74478
2145,83915457490.72862
2146,83916803273.51872
2147,83923686723.93877
2148,83924654327.02802
2149,83919941271.12401
2150,83921835867.35944
2151,83917467686.7803
2152,83918191770.48038
2153,83918107609.86664
2154,83921114784.63141
2155,83922131918.04301
2156,83924786929.96674
2157,83923406082.32675
2158,83916991549.95601
2159,83930817551.86559
2160,83915956715.38506
2161,83918581952.51778
2162,83912287160.43437
2163,83915099598.69774
2164,83913738505.07945
2165,83915035103.96652
2166,83919097038.56229
2167,83914059307.53613
2168,83912349946.06374
2169,83912294516.92325
2170,83912253154.25153
2171,83912322765.82915
2172,83913967163.28107
2173,83915244461.70695
2174,83912318820.7788
2175,83912566916.44429
2176,83917753668.55273
2177,83912328000.68353
2178,83913391009.09544
2179,83912301482.99243
2180,83913475816.3149
2181,83912278745.59467
2182,83916256699.68027
2183,83912941442.0249
2184,83912229795.93106
2185,83912251589.0037
2186,83913679041.74359
2187,83912288579.24547
2188,83914155900.3259
2189,83912975448.26178
2190,83912317408.83527
2191,83913682008.63077
2192,83913216830.67805
2193,83913409181.46873
2194,83914644278.73534
2195,83915086052.61356
2196,83918804257.5051
2197,83912983464.79803
2198,83915999557.14447
2199,83915560643.98065
2200,83915275027.58936
2201,83912416665.64487
2202,83913601897.76276
2203,83920411044.92564
2204,83912999699.4881
2205,83913383077.82489
2206,83913068373.79517
2207,83913745296.41376
2208,83914327249.27814
2209,83915342105.24216
2210,83912313458.28075
2211,83913602592.52457
2212,83913017454.64807
2213,83915393211.69885
2214,83916826072.82524
2215,83916900341.06172
2216,83913458188.2122
2217,83912526927.53404
2218,83913701545.61444
2219,83913191958.36308
2220,83912439013.10327
2221,83913620680.85645
2222,83912342244.4422
2223,83912987481.99866
2224,83913269732.45578
2225,83915070717.00226
2226,83912207340.92126
2227,83915018053.76251
2228,83914833211.42009
2229,83915372498.66539
2230,83912535469.73279
2231,83915222898.59235
2232,83912542152.68365
2233,83915228462.8067
2234,83912287036.04382
2235,83912436167.34116
2236,83916801929.36247
2237,83913815881.10583
2238,83934898761.01225
2239,83938073400.3182
2240,83933635822.74065
2241,83922219957.11095
2242,83939258825.78711
2243,83936335833.01419
2244,83935957255.84311
2245,83932865614.32718
2246,83951001208.41641
2247,83945603446.44946
2248,83935606836.98322
2249,83939776467.23596
2250,83938114679.8651
2251,83927476126.0465
2252,83933912344.60507
2253,83930873514.21059
2254,83933873792.28442
2255,83923998539.93347
2256,83934422888.24722
2257,83929683766.60919
2258,83934837577.85658
2259,83934852127.72498
2260,83916994481.24738
2261,83938379019.21829
2262,83938124145.07278
2263,83914808285.94713
2264,83914975236.33003
2265,83915446349.5034
2266,83916455147.00446
2267,83914219418.33347
2268,83913848571.63582
2269,83914437554.52895
2270,83947678106.90776
2271,83919969910.5477
2272,83925770225.374
2273,83929435233.0882
2274,83925734510.22678
2275,83922668335.65709
2276,83922850954.75537
2277,83915990310.22916
2278,83916180287.68634
2279,83922513371.5943
2280,83929381972.5094
2281,83929546439.9497
2282,83928886769.09703
2283,83929912631.37277
2284,83913902572.86807
2285,83923958139.22723
2286,83926947119.98521
2287,83922458209.6398
2288,83930118813.83224
2289,83926156899.68878
2290,83928374407.04466
2291,83925696761.9294
2292,83923949000.84357
2293,83917982694.39706
2294,83915968205.14975
2295,83927227162.66971
2296,83922248076.9888
2297,83921524038.42517
2298,83915739540.75752
2299,83926937164.92426
2300,83924692292.25035
2301,83928079588.2666
2302,83929162166.0359
2303,83929935050.24597
2304,83920740968.48991
2305,83926187269.3918
2306,83916335244.87967
2307,83925325596.79205
2308,83926621736.71684
2309,83923941205.26772
2310,83925046663.17203
2311,83923823939.10973
2312,83916888303.41676
2313,83927439847.85004
2314,83930576049.51872
2315,83926122876.9741
2316,83912610199.4389
2317,83912971317.00461
2318,83915817662.94128
2319,83913005507.33655
2320,83912814177.40143
2321,83916645225.57166
2322,83914590590.2854
2323,83913578532.17459
2324,83913147765.74991
2325,83918329032.41519
2326,83916457048.02412
2327,83912995541.6651
2328,83913957871.145
2329,83915283845.21527
2330,83916052594.0695
2331,83912535013.18091
2332,83916422297.94995
2333,83912610481.78847
2334,83916152574.62466
2335,83916507608.56169
2336,83912899432.6944
2337,83912795722.10988
2338,83913863819.54172
2339,83912960833.51367
2340,83912724016.59976
2341,83912632317.96457
2342,83912824000.13773
2343,83916566528.75845
2344,83916010304.03635
2345,83915330756.43985
2346,83914045690.3838
2347,83912958028.36322
2348,83915312800.54718
2349,83912445864.17448
2350,83915382123.53438
2351,83915601317.3886
2352,83915927955.47679
2353,83912686201.13013
2354,83914613459.19281
2355,83912714554.433
2356,83915347948.09894
2357,83912862830.09949
2358,83912895076.92642
2359,83912906732.84093
2360,83913466078.50615
2361,83913214000.55087
2362,83915243415.94324
2363,83912797464.35663
2364,83915113018.49396
2365,83913769089.37534
2366,83914850777.60619
2367,83913565004.19305
2368,83912785105.14735
2369,83949039503.8283
2370,83946119396.21387
2371,83948552721.15273
2372,83953774842.38539
2373,83951130126.45573
2374,83940557808.15683
2375,83912945898.92975
2376,83915720190.72337
2377,83939886542.71965
2378,83952638346.95001
2379,83935601752.51935
2380,83945247872.4229
2381,83936441611.68704
2382,83938361641.53017
2383,83912641568.75018
2384,83939916370.25397
2385,83938564359.10246
2386,83948038777.1646
2387,83944819418.67166
2388,83944850032.64601
2389,83949373099.84227
2390,83947509967.271
2391,83941985941.9087
2392,83940103303.54321
2393,83944031478.79697
2394,83951560548.97804
2395,83944005696.5001
2396,83947311418.91312
2397,83950789688.6644
2398,-755163266866.5515
2399,83942729737.6751
2400,83943549758.47023
2401,83945147980.49905
2402,83914573743.45831
2403,83912617007.42036
2404,83913751889.69151
2405,83914399633.91139
2406,83916116255.21442
2407,83917582764.16711
2408,83914394940.15152
2409,83914362976.44498
2410,83915719349.62616
2411,83914403545.88306
2412,83940025336.07555
2413,83914779199.49338
2414,83912604650.89511
2415,83927828591.95847
2416,83953751386.86111
2417,83944490407.6313
2418,83937839760.68439
2419,83944294288.45557
2420,83917033340.34276
2421,83915829024.3407
2422,83915628618.18198
2423,83952845561.84003
2424,83945574946.04846
2425,83951251866.46179
2426,83948331595.40569
2427,83951493625.96786
2428,83950967892.06837
2429,83951502522.19553
2430,83952917963.07092
2431,83949356479.11612
2432,83915153577.42896
2433,83953515572.04514
2434,83953551375.13086
2435,83951591631.05637
2436,83912696663.7522
2437,83914563866.73517
2438,83915520442.47165
2439,83915508975.08365
2440,83915107345.35019
2441,83915176387.47478
2442,83914441850.72086
2443,83914524781.32376
2444,83915902455.84244
2445,83913325547.34833
2446,83915687452.23158
2447,83914186669.92825
2448,83914550036.2536
2449,83915233531.5957
2450,83914557885.20575
2451,83912831620.45111
2452,83914547796.7644
2453,83914033211.24692
2454,83914088733.87611
2455,83916223764.88354
2456,83925046733.82292
2457,83922889079.59344
2458,83929064763.73392
2459,83925117654.64813
2460,83928951842.62909
2461,83935060977.2225
2462,83939469437.70929
2463,83932712199.01123
2464,83933272467.934
2465,83943622632.09613
2466,83945886013.04506
2467,83926096737.30118
2468,83927230518.53448
2469,83948025600.56587
2470,83934696046.2638
2471,83953052850.66983
2472,83927832566.47101
2473,83929562016.5556
2474,83934267644.96912
2475,83936626016.35101
2476,83933145312.29596
2477,83924380516.12616
2478,83931438292.07642
2479,83923960995.7429
2480,83931357389.71033
2481,83925155671.47339
2482,83928355637.45807
2483,83934463132.51193
2484,83924875292.72559
2485,83921011001.56317
2486,83931345824.62833
2487,83922463951.16534
2488,83921601386.08904
2489,83940374263.96631
2490,83912688385.14215
2491,83914630454.74127
2492,83913285023.22462
2493,83913061133.19562
2494,83931459937.86469
2495,83913101796.61829
2496,83912882866.46564
2497,83912887426.18326
2498,83913794041.73468
2499,83919929219.08241
2500,83916684902.32068
2501,83919978813.90472
2502,83938940735.3197
2503,83916130197.94171
2504,83926743710.19914
2505,83916287960.79236
2506,83918664828.6831
2507,83931366850.72153
2508,83915889587.10611
2509,83926230460.57594
2510,83929802301.59668
2511,83921037884.36493
2512,83922495084.68872
2513,83916295630.26724
2514,83930753429.19528
2515,83929901833.00421
2516,83932302924.32526
2517,83918909508.84251
2518,83921657498.45102
2519,83927372128.8831
2520,83931630302.55771
2521,83920090032.33472
2522,83925335507.46051
2523,83926662787.88623
2524,83925977277.44391
2525,83927029527.13004
2526,83929444624.03964
2527,83929258455.86067
2528,83925982544.92575
2529,83924303866.76547
2530,83932497279.94443
2531,83930440910.0587
2532,83923654484.6236
2533,83916758949.85507
2534,83924369972.61371
2535,83925541634.7494
2536,83931429472.61493
2537,83925883848.58218
2538,83927392196.1921
2539,83913086544.53514
2540,83914076432.42645
2541,83913071832.55316
2542,83915067186.67957
2543,83915904105.1342
2544,83913233006.30292
2545,83932565889.12607
2546,83913578100.16168
2547,83913934626.17238
2548,83949921713.46643
2549,83932407468.66055
2550,83928720251.38309
2551,83919175141.07782
2552,83930939243.02032
2553,83923000905.66168
2554,83932626713.2601
2555,83934366617.29446
2556,83931147105.90942
2557,83932445641.02216
2558,83924692067.03671
2559,83932068528.69147
2560,83931787723.68079
2561,83929522432.78076
2562,83932174526.16832
2563,83924772120.59956
2564,83934038124.45572
2565,83912965461.5542
2566,83914113451.54369
2567,83923140233.7356
2568,83925877017.33536
2569,83934656886.7116
2570,83916322729.31836
2571,83938598330.8898
2572,83947969112.3039
2573,83933618163.24828
2574,83951224461.55626
2575,83932486184.18588
2576,83938581713.43976
2577,83935511175.57782
2578,83923832459.50961
2579,83933510956.12619
2580,83933936009.57141
2581,83947854911.50684
2582,83945439748.29596
2583,83947957123.48648
2584,83934739876.06006
2585,83944514630.35345
2586,83933520367.43684
2587,83947230669.22185
2588,83936046192.49185
2589,83931142286.3048
2590,83932529764.70508
2591,83923562327.42303
2592,83933391736.71959
2593,83934832298.5062
2594,83945683545.26416
2595,83930279580.95563
2596,83934646429.61115
2597,83912666856.36383
2598,83915572698.80219
2599,83914953176.97943
2600,83912487074.6521
2601,83915089431.97197
2602,83916066932.36005
2603,83914896646.08992
2604,83914906022.52089
2605,83912338892.0528
2606,83913472132.01854
2607,83915276654.73508
2608,83914905528.5404
2609,83914849772.48036
2610,83912303072.56128
2611,83943445915.46643
2612,83915589586.18616
2613,83917236953.99524
2614,83915569772.84482
2615,83915214415.1218
2616,83914479393.03323
2617,83913463703.52338
2618,83915291180.99432
2619,83914681851.9289
2620,83912378240.10461
2621,83915288598.16559
2622,83912646063.33131
2623,83912370147.56999
2624,83912325087.91354
2625,83912580937.5857
2626,83915705168.56122
2627,83913370721.14903
2628,83915011500.04413
2629,83914519514.50081
2630,83915284157.3281
2631,83914589088.16019
2632,83914933887.13799
2633,83915210288.99023
2634,83914606521.83691
2635,83949386551.53299
2636,83939836847.63599
2637,83919359279.06265
2638,83936159484.77005
2639,83947735714.08127
2640,83936774632.10277
2641,83916005543.86497
2642,83947025811.66595
2643,83936252977.14462
2644,83944166222.0784
2645,83946143280.59152
2646,83935016393.9007
2647,83916289784.67372
2648,83938002562.65063
2649,83937482039.7346
2650,83950774892.83984
2651,83933034625.02495
2652,83949804607.12006
2653,83936541362.66599
2654,83943881942.97382
2655,83933401343.9223
2656,83945245970.90506
2657,83946985980.8121
2658,83952977128.43762
2659,83916351710.46518
2660,83951645713.61237
2661,83916405483.67604
2662,83933436378.70868
2663,83926012572.01491
2664,83917660500.66776
2665,83947238835.19641
2666,83947324923.2623
2667,83934543824.24416
2668,83927693551.70905
2669,83938631461.91231
2670,83937475646.7615
2671,83951137838.22177
2672,83932996395.39064
2673,83933717355.36032
2674,83953395291.31339
2675,83955417400.32925
2676,83935654528.62955
2677,83934548049.56784
2678,83933453630.94594
2679,83912781760.74405
2680,83944717567.37697
2681,83919445435.14478
2682,83952982628.63113
2683,83933393294.95471
2684,83948924320.56296
2685,83950790635.97502
2686,83948259000.67068
2687,83955975337.7566
2688,83948315284.61557
2689,83932029586.05804
2690,83937066338.97885
2691,83952231495.35797
2692,83912612384.69182
2693,83928478817.35146
2694,83932721190.17084
2695,83952201582.48544
2696,83935546453.86673
2697,83914901056.49829
2698,83915585357.9261
2699,83914008872.55963
2700,83913317958.30608
2701,83915554290.07059
2702,83913496968.40082
2703,83914127512.3695
2704,83912464650.38542
2705,83914832997.64035
2706,83915456021.96373
2707,83915568474.77191
2708,83916055234.98636
2709,83915559389.62892
2710,83914785816.32373
2711,83913895518.54817
2712,83913569838.03938
2713,83915218272.23996
2714,83915884089.56795
2715,83915885357.29138
2716,83915551113.12228
2717,83912731591.72336
2718,83916933854.89041
2719,83915206469.82932
2720,83914124809.46533
2721,83914081378.55887
2722,83914717413.14784
2723,83914078143.93314
2724,83914127507.08527
2725,83915922230.21304
2726,83913179316.15286
2727,83915705288.51465
2728,83915089168.5186
2729,83914074991.23041
2730,83914552188.72517
2731,83912443780.41449
2732,83913607599.16492
2733,83914836733.2709
2734,83914856282.21135
2735,83914447136.29144
2736,83912751876.71002
2737,83914798918.31093
2738,83912228591.98438
2739,83921858112.84691
2740,83918935617.76892
2741,83925517238.49358
2742,83918578845.59506
2743,83919083874.0138
2744,83920104619.6829
2745,83920930302.06924
2746,83917129648.11914
2747,83943076856.15668
2748,83926069407.25992
2749,83926081270.3754
2750,83918564330.50436
2751,83920223300.86826
2752,83921605347.69312
2753,83931353768.45195
2754,83919812329.51524
2755,83923047058.31181
2756,83920756729.69249
2757,83919672784.4553
2758,83918011297.60971
2759,83922438875.6456
2760,83919734214.07338
2761,83915956766.20021
2762,83921254697.11143
2763,83916132288.07042
2764,83913684556.91736
2765,83915661696.16545
2766,83914910610.84705
2767,83912693053.42395
2768,83913086500.84729
2769,83913605462.52905
2770,83916334560.14917
2771,83912917746.02948
2772,83913720659.85168
2773,83916794974.57825
2774,83912968876.47302
2775,83912828119.1393
2776,83912711995.94626
2777,83912615098.55518
2778,83913722987.38907
2779,83914230031.12401
2780,83912824684.54962
2781,83912578984.28476
2782,83913766027.67763
2783,83913409392.44553
2784,83912747576.26027
2785,83915983493.10538
2786,83912867094.18562
2787,83912677973.42416
2788,83913142555.32877
2789,83912579830.75046
2790,83914712024.68904
2791,83912624856.7533
2792,83912845335.15298
2793,83912768516.01068
2794,83914229409.8675
2795,83912673155.506
2796,83914050027.75414
2797,83913148937.06787
2798,83912614064.00754
2799,83912578338.99509
2800,83913539698.26907
2801,83923986661.42406
2802,83918304787.15974
2803,83916076873.17265
2804,83916371648.22626
2805,83920016148.9732
2806,83919064900.70067
2807,83922031401.96535
2808,83919771799.0372
2809,83926706761.27344
2810,83923073044.43466
2811,83923633149.44858
2812,83924353851.89392
2813,83916698028.10663
2814,83926207641.95282
2815,83927758704.39502
2816,83916293526.10156
2817,83931105124.5574
2818,83929880249.18626
2819,83921683729.71156
2820,83930710899.35162
2821,83921661770.25604
2822,83925602359.79877
2823,83920234603.24834
2824,83919173116.86996
2825,83931275825.77478
2826,83929264232.15582
2827,83922059905.32193
2828,83920028023.22205
2829,83927484479.02246
2830,83926908105.98991
2831,83921893527.21582
2832,83929425078.40437
2833,83932329254.41418
2834,83922285019.75444
2835,83922482328.04082
2836,83912644122.51756
2837,83912393530.39441
2838,83912580208.67715
2839,83912352103.12476
2840,83912281114.2277
2841,83912478500.24738
2842,83912303798.85883
2843,83912356888.00299
2844,83913311736.1217
2845,83912394405.49774
2846,83916423394.63176
2847,83912338003.61867
2848,83912365413.25812
2849,83912214842.9342
2850,83912278128.29459
2851,83913015360.3121
2852,83913067006.64575
2853,83912860143.40598
2854,83915791357.64009
2855,83913807385.11742
2856,83917223370.00925
2857,83912183850.42145
2858,83914135347.728
2859,83912329676.0379
2860,83912977205.84744
2861,83912479791.27628
2862,83912281907.24417
2863,83912168272.49402
2864,83912472716.2584
2865,83912341286.0802
2866,83915020609.18735
2867,83912637505.20459
2868,83912474392.77722
2869,83912563964.61636
2870,83912580661.12991
2871,83912460577.21014
2872,83913504609.86688
2873,83913004298.40442
2874,83912266535.70453
2875,83912378397.10608
2876,83923548972.78375
2877,83932713005.499
2878,83927926971.64565
2879,83936906030.81726
2880,83929427967.06245
2881,83953310050.80235
2882,83914704430.1909
2883,83915381422.67111
2884,83914769082.1273
2885,83913296564.83922
2886,83945495332.60684
2887,83928139341.3405
2888,83930623281.34564
2889,83933282919.82681
2890,83930453865.77423
2891,83935424635.23685
2892,83922187461.14868
2893,83934760370.83301
2894,83945544539.81805
2895,83940609982.97183
2896,83922499148.96796
2897,83929201631.11935
2898,83923676410.14056
2899,83934110356.5422
2900,83924325910.84924
2901,83934262954.19199
2902,83926062831.96014
2903,83929894880.91035
2904,83923697374.91234
2905,83917425285.22876
2906,83924894481.24792
2907,83914581541.0849
2908,83937317677.25017
2909,83933529533.24246
2910,83925212790.96796
2911,83932904414.06903
2912,83915654172.83951
2913,83916173098.52904
2914,83913062555.0988
2915,83915401159.28964
2916,83914083221.31134
2917,83915516686.09846
2918,83915058446.81691
2919,83914472739.12881
2920,83912317527.80292
2921,83914032065.66783
2922,83915201696.36984
2923,83916654084.43666
2924,83915137607.68938
2925,83916083170.98758
2926,83913325508.71918
2927,83913661455.98882
2928,83915462626.52124
2929,83916574347.02415
2930,83915193766.5336
2931,83914529886.50793
2932,83916083330.10397
2933,83914668152.78003
2934,83926694147.08244
2935,83922950361.88776
2936,83925954056.66753
2937,83940943316.96709
2938,83941138253.93423
2939,83941909903.67635
2940,83916117236.84187
2941,83931915748.49881
2942,83952720713.29123
2943,83924361904.80206
2944,83946526815.19363
2945,83921080936.66006
2946,83948098397.66406
2947,83913263443.49979
2948,83914406882.21243
2949,83915515062.1522
2950,83938027285.3872
2951,83945839019.29892
2952,83938883232.34607
2953,83937783202.95787
2954,83935956482.03448
2955,83935535723.011
2956,83916558239.7438
2957,83935970302.3136
2958,83952209827.48355
2959,83943129254.131
2960,83935150724.91736
2961,83942262628.03685
2962,83914821404.66635
2963,83917907771.66742
2964,83936784876.8858
2965,83934383508.45532
2966,83937526223.53996
2967,83937787620.0746
2968,83937923912.95831
2969,83916661410.05138
2970,83936810375.73856
2971,83915250770.52396
2972,83939909173.57669
2973,83936214393.02216
2974,83935029490.61382
2975,83936301157.30954
2976,83936741408.13799
2977,83937336346.7319
2978,83938739077.23743
2979,83944716341.9093
2980,83939239178.98889
2981,83935195326.80585
2982,83920015875.25546
2983,83931519374.30713
2984,83928920713.59415
2985,83945415638.71341
2986,83950827343.08392
2987,83934214324.63269
2988,83940036438.151
2989,83952121750.20602
2990,83937086837.16519
2991,83941902810.77283
2992,83938400559.90808
2993,83934901321.7273
2994,83913616907.388
2995,83912888517.91037
2996,83912822951.71277
2997,83915359251.38986
2998,83914833532.99387
2999,83917902920.00958
3000,83914845403.48482
3001,83913976004.8845
3002,83917427766.96375
3003,83914300049.28651
3004,83915159167.37895
3005,83914992609.21127
3006,83915462249.58427
3007,83915834118.92628
3008,83912939947.36163
3009,83912984452.292
3010,83914954342.59366
3011,83915510847.5255
3012,83915613557.89383
3013,83912812708.18506
3014,83925109615.05394
3015,83924160761.07947
3016,83923629451.74744
3017,83926049419.07991
3018,83914930453.59816
3019,83924015048.66925
3020,83923503600.46172
3021,83926426596.25867
3022,83923633963.21582
3023,83917540058.1958
3024,83915472502.11902
3025,83925867442.2464
3026,83921394182.2713
3027,83921536895.89244
3028,83924624395.48915
3029,83923047739.62485
3030,83918797502.2319
3031,83921408163.17088
3032,83925763898.82692
3033,83923813618.03067
3034,83923437129.36844
3035,83925629067.37695
3036,83923797669.82043
3037,83924534309.87685
3038,83914529362.47285
3039,83924847114.94666
3040,83924658062.59552
3041,83918334256.00745
3042,83920642501.65137
3043,83926723471.7868
3044,83938385205.34294
3045,83912604634.20602
3046,83916706441.72934
3047,83924625347.63722
3048,83916906046.94617
3049,83922379144.9404
3050,83927526368.91017
3051,83918489349.40468
3052,83926774701.13037
3053,83926128696.00125
3054,83924086354.5357
3055,83917899440.86298
3056,83923999990.03712
3057,83923703053.14833
3058,83927260408.38695
3059,83922530278.14223
3060,83924033485.06386
3061,83912733852.831
3062,83914898277.37042
3063,83916427594.2879
3064,83914054479.03615
3065,83913525273.6633
3066,83912642206.5521
3067,83912699554.70258
3068,83913866416.34859
3069,83916105716.82959
3070,83912898183.14041
3071,83913614443.34547
3072,83915054885.09714
3073,83917868459.77618
3074,83912645107.3729
3075,83914704992.70557
3076,83912720675.83768
3077,83913249951.09088
3078,83912593147.76436
3079,83912748917.31262
3080,83913753612.38942
3081,83913900750.78185
3082,83914112334.77371
3083,83915985437.47678
3084,83918181783.1288
3085,83913084986.95862
3086,83913874327.8777
3087,83913167293.36868
3088,83914616786.78937
3089,83912726047.60614
3090,83912588264.07767
3091,83912612380.57016
3092,83912624117.01558
3093,83913024202.79257
3094,83915014987.95192
3095,83914268324.1364
3096,83914319057.17691
3097,83915745417.50409
3098,83915822886.71346
3099,83945121038.4724
3100,83946325284.81053
3101,83922563953.15102
3102,83954554683.1658
3103,83952490707.70354
3104,83915004902.25902
3105,83952405456.12766
3106,83951840352.89935
3107,83913306118.73734
3108,83916659749.40675
3109,83914796904.81424
3110,83914843193.6972
3111,83938844179.12985
3112,83912652473.89006
3113,83914685157.75626
3114,83915185749.60495
3115,83915521588.44574
3116,83913796139.6981
3117,83917917701.80853
3118,83915543295.79236
3119,83919071003.85849
3120,83917241370.99898
3121,83915571878.73775
3122,83916005891.06169
3123,83915510564.82986
3124,83912637989.1955
3125,83938845274.82202
3126,83922527174.17009
3127,83917615378.84178
3128,83922645609.2725
3129,83916473771.33844
3130,83925791083.08032
3131,83938179312.50783
3132,83920339814.0805
3133,83933982272.97382
3134,83917239778.74246
3135,83923066447.68988
3136,83926423123.31158
3137,83922034544.27612
3138,83922149731.09349
3139,83925720997.438
3140,83930566110.01237
3141,83929028139.47194
3142,83924024364.21497
3143,83921023967.4016
3144,83925003281.52467
3145,83912835483.99055
3146,83915390483.81522
3147,83913732070.81279
3148,83914943165.50798
3149,83914063813.46608
3150,83913846600.23126
3151,83915092450.95012
3152,83914507657.43134
3153,83913823069.69525
3154,83915407674.18071
3155,83917048242.66628
3156,83914975704.82849
3157,83913322418.9979
3158,83912758889.34677
3159,83915285536.80832
3160,83913171234.53595
3161,83912725362.02374
3162,83913003787.80386
3163,83912713029.27837
3164,83943788527.59198
3165,83951251464.47012
3166,83933061971.80371
3167,83940691830.08334
3168,83939833113.17589
3169,83947558440.52261
3170,83937952347.65736
3171,83916814204.18353
3172,83951623300.48029
3173,83936271673.62859
3174,83951034964.40494
3175,83951824370.31322
3176,83950114018.14853
3177,83946889937.13869
3178,83951556415.54521
3179,83933151582.18553
3180,83915218093.36966
3181,83944668437.71384
3182,83944239623.33209
3183,83937583876.75006
3184,83936184876.52435
3185,83934059814.7196
3186,83947224990.32285
3187,83935097046.40402
3188,83951445652.9938
3189,83951488335.81555
3190,83936087531.87357
3191,83951369544.09439
3192,83937254986.9516
3193,83935840583.04285
3194,83932549971.48286
3195,83915987817.94586
3196,83934248722.92612
3197,83943587772.724
3198,83912461638.90602
3199,83913430449.73058
3200,83915060237.7587
3201,83916019007.15991
3202,83915355749.15463
3203,83914169866.03082
3204,83915385866.2452
3205,83915917149.96413
3206,83914655252.47223
3207,83914919751.3522
3208,83915852009.078
3209,83914572594.10995
3210,83916730948.37236
3211,83914647336.87929
3212,83917602140.04996
3213,83914601494.77191
3214,83912775172.75592
3215,83917191244.95267
3216,83915361958.90083
3217,83916638372.56363
3218,83915235860.30109
3219,83912462729.0445
3220,83951174795.43765
3221,83913010627.7886
3222,83913151311.99905
3223,83913286144.82616
3224,83915445969.1323
3225,83913894731.2545
3226,83914737597.86841
3227,83949161873.71164
3228,83915315239.92538
3229,83915413680.58902
3230,83914297576.1578
3231,83914159750.65005
3232,83913665110.33958
3233,83914987277.8227
3234,83915394408.48946
3235,83914906385.3674
3236,83914595922.88203
3237,83914847159.01138
3238,83925134105.88782
3239,83943863063.17833
3240,83921029311.7345
3241,83922547033.34106
3242,83928964643.22916
3243,83918172193.34488
3244,83919563405.0481
3245,83922879666.86777
3246,83922184616.35239
3247,83919333356.04895
3248,83920077296.91428
3249,83920285320.28922
3250,83927170428.0809
3251,83919922995.08212
3252,83929740284.29349
3253,83926810525.7042
3254,83934244050.61407
3255,83929674371.31319
3256,83922108590.5723
3257,83918621769.82646
3258,83928314637.854
3259,83912700296.03787
3260,83913931475.51747
3261,83914828415.89636
3262,83912434688.72816
3263,83912762998.66579
3264,83912903991.11201
3265,83913931125.06013
3266,83916221068.50792
3267,83915256721.01834
3268,83915889121.3363
3269,83912781834.34308
3270,83912780570.54146
3271,83912434708.57338
3272,83912824921.99736
3273,83912801620.88675
3274,83912432115.84293
3275,83915572164.43195
3276,83912745850.69461
3277,83913752695.95049
3278,83912801588.91098
3279,83912798632.80154
3280,83912821158.73282
3281,83916767199.04233
3282,83913167429.47818
3283,83915908849.9908
3284,83913256262.5669
3285,83917217505.06407
3286,83922537759.64609
3287,83929900553.55893
3288,83923867036.75098
3289,83932097841.92291
3290,83924498928.1922
3291,83921729644.18497
3292,83917425020.1113
3293,83923586665.58983
3294,83918757928.5953
3295,83924706329.7543
3296,83925079863.6387
3297,83915782215.31868
3298,83918295470.22949
3299,83931505652.7575
3300,83921886691.97905
3301,83929207436.65228
3302,83922436110.03218
3303,83922453541.71368
3304,83926766064.98978
3305,83931443182.82953
3306,83927018223.30942
3307,83922463029.80716
3308,83930667011.70686
3309,83921818419.79901
3310,83931824787.39027
3311,83933601000.9631
3312,83921741382.9385
3313,83918814631.79877
3314,83929519102.32208
3315,83926851426.89215
3316,83932196986.65976
3317,83912249021.10541
3318,83912181513.90393
3319,83912359489.99092
3320,83916329385.71484
3321,83914747967.97522
3322,83913360767.41887
3323,83931308785.43846
3324,83930030961.9927
3325,83925390740.97519
3326,83931502779.00264
3327,83939090555.89708
3328,83917459817.09196
3329,83930590847.34631
3330,83931526898.43774
3331,83943385149.7232
3332,83929969736.53098
3333,83944379173.32945
3334,83922826952.58868
3335,83936891235.1437
3336,83923659226.29308
3337,83944746728.57536
3338,83937794667.98425
3339,83932754837.49162
3340,83930033241.57855
3341,83922250440.75606
3342,83932538380.08145
3343,83935588906.09047
3344,83932633583.70624
3345,83927119517.37238
3346,83934560837.19635
3347,83930339658.923
3348,83927920626.40115
3349,83931851300.17688
3350,83927344152.53232
3351,83922502358.89648
3352,83933414775.78084
3353,83918033623.81693
3354,83915527617.76755
3355,83915797472.3911
3356,83916820863.1882
3357,83913085833.72903
3358,83914713309.25333
3359,83913604869.03577
3360,83915670402.99406
3361,83926288851.20186
3362,83932200826.8919
3363,83932477107.8595
3364,83919980750.97961
3365,83936377336.22989
3366,83919950617.82089
3367,83930267342.0502
3368,83935075045.05054
3369,83917733735.84302
3370,83945884423.27756
3371,83936754850.5481
3372,83935523179.7034
3373,83926005095.11986
3374,83939068081.30602
3375,83937769474.54245
3376,83934805414.60089
3377,83924755516.24948
3378,83926744027.01366
3379,83925828189.11389
3380,83925905657.13113
3381,83919360622.39856
3382,83924053616.88324
3383,83936512373.85713
3384,83918496519.83655
3385,83930969208.51535
3386,83925680842.52113
3387,83921131710.90538
3388,83931667321.53989
3389,83937548921.95871
3390,83929712738.01071
3391,83930995246.6247
3392,83933627323.59132
3393,83915066304.99911
3394,83926138985.87573
3395,83926311205.80647
3396,83923840687.31447
3397,83921668113.28732
3398,83920236185.66931
3399,83923035396.2571
3400,83921050022.3637
3401,83929089519.24869
3402,83917454949.2871
3403,83922268529.16315
3404,83916902566.81378
3405,83922960344.14296
3406,83936663588.28998
3407,83918995145.77539
3408,83912792551.52359
3409,83912808097.98521
3410,83915900707.6135
3411,83915035171.54315
3412,83915037323.44385
3413,83916114133.44873
3414,83918611625.56874
3415,83915677319.29773
3416,83924253605.12903
3417,83917058013.49362
3418,83916002856.58374
3419,83912742199.93109
3420,83916614421.23619
3421,83914845668.0545
3422,83913015128.5296
3423,83912796212.05984
3424,83913247925.38167
3425,83917878405.44135
3426,83913447814.50403
3427,83913039816.24774
3428,83917036974.41751
3429,83912801508.24954
3430,83914993039.47961
3431,83912872668.08768
3432,83912845946.88873
3433,83919082374.78809
3434,83915613835.79413
3435,83916044358.99817
3436,83916693685.02934
3437,83917899629.9946
3438,83917084738.19113
3439,83913008034.6366
3440,83917973755.59708
3441,83912951124.79385
3442,83914978104.24977
3443,83917658998.32008
3444,83915571484.99347
3445,83915426295.68063
3446,83913123855.33884
3447,83916140337.90724
3448,83913198367.2572
3449,83913955840.52559
3450,83915405555.63669
3451,83913223244.51093
3452,83915171599.01822
3453,83916570589.7845
3454,83915255235.49655
3455,83915397415.31522
3456,83938907061.63113
3457,83934052802.57985
3458,83922349393.67471
3459,83931614104.25694
3460,83917702054.30232
3461,83916270203.28568
3462,83928171706.73247
3463,83930846090.62723
3464,83932977597.5646
3465,83935471223.44556
3466,83938844176.19406
3467,83927604394.40718
3468,83938913738.10306
3469,83928872499.92157
3470,83924868987.87332
3471,83929673512.54883
3472,83933090793.7981
3473,83919374419.01201
3474,83932800100.25204
3475,83940917945.41324
3476,83938555710.30862
3477,83934965130.25629
3478,83925361773.8166
3479,83929326506.90298
3480,83935904132.17223
3481,83933336293.0791
3482,83918206063.19507
3483,83915802574.48244
3484,83940158676.0275
3485,83922415431.28181
3486,83938551013.50552
3487,83932377996.83769
3488,83925950786.816
3489,83926072940.69464
3490,83920337724.1406
3491,83933650677.5868
3492,83930436760.76524
3493,83915848988.97757
3494,83919187942.73135
3495,83917205938.09723
3496,83929758950.39224
3497,83919000247.44836
3498,83916167285.99168
3499,83913283761.64305
3500,83912497772.32779
3501,83915515403.92075
3502,83912834443.17322
3503,83925246511.13808
3504,83912767138.71945
3505,83912731861.33429
3506,83912420771.27156
3507,83912119257.80562
3508,83913429868.24507
3509,83912846820.02011
3510,83925241589.06601
3511,83913507311.80524
3512,83912696585.862
3513,83912527331.71649
3514,83912887856.98213
3515,83913083998.35464
3516,83912930188.4562
3517,83926397493.6056
3518,83913387104.33948
3519,83913411657.1073
3520,83915144462.84918
3521,83912442344.0302
3522,83914462594.22755
3523,83914580462.00797
3524,83912874203.56177
3525,83912745330.12453
3526,83914554974.5659
3527,83914331914.37614
3528,83913297644.44928
3529,83915128231.13855
3530,83912762777.59052
3531,83914587720.39609
3532,83915910651.5854
3533,83912020342.99945
3534,83912373760.65913
3535,83915097233.45697
3536,83914810028.0064
3537,83912867013.01085
3538,83914846790.7688
3539,83915147073.37909
3540,83912418436.83502
3541,83915865142.72601
3542,83912446050.88428
3543,83935813483.13051
3544,83925871367.14314
3545,83949923406.03503
3546,83916500149.61967
3547,83929531410.84961
3548,83918435762.54839
3549,83925898852.54652
3550,83930932222.77275
3551,83931473900.7837
3552,83929551812.2305
3553,83929530104.26935
3554,83949187536.4649
3555,83929201411.5133
3556,83925466922.59735
3557,83932138316.04059
3558,83918054276.58813
3559,83926257252.69853
3560,83950731176.64575
3561,83931754552.04535
3562,83925871128.17471
3563,83951507649.2447
3564,83931318768.44983
3565,83912366564.35895
3566,83915285920.75928
3567,83912366788.16168
3568,83913211263.46564
3569,83912933544.21733
3570,83913371722.56157
3571,83913219981.54883
3572,83912953043.07736
3573,83912158639.05244
3574,83913676614.56683
3575,83915113314.85742
3576,83912849455.6409
3577,83912251276.94954
3578,83913997851.40071
3579,83913971397.65083
3580,83913354601.21617
3581,83912082980.65091
3582,83912861247.92892
3583,83912119780.53064
3584,83914828830.83818
3585,83912168483.45483
3586,83913687624.59576
3587,83914265508.18036
3588,83915198516.41467
3589,83913572812.40804
3590,83912842037.90996
3591,83915251732.20175
3592,83912259449.30287
3593,83936123860.001
3594,83930356976.60162
3595,83929987085.90204
3596,83947201850.93379
3597,83922515728.69287
3598,83915112742.268
3599,83931158707.37158
3600,83933625269.10638
3601,83930073079.95468
3602,83946973504.10883
3603,83917176552.08838
3604,83932841275.67993
3605,83915273298.4258
3606,83912616923.31952
3607,83915181699.92676
3608,83914823170.66473
3609,83912292573.56927
3610,83912452887.0883
3611,83931401709.17296
3612,83918187397.24687
3613,83931146701.51257
3614,83921640352.95374
3615,83935443021.18912
3616,83924693744.30115
3617,83918622892.88121
3618,83924729728.53156
3619,83920622418.12463
3620,83918767629.00165
3621,83922318893.228
3622,83933424103.39091
3623,83921342598.22748
3624,83925880121.2976
3625,83929636295.4626
3626,83926998581.01855
3627,83918229317.02406
3628,83920386459.56305
3629,83923333961.51953
3630,83919989262.33826
3631,83919762173.5831
3632,83926644683.86902
3633,83922228265.74097
3634,83922219028.26462
3635,83913711444.38342
3636,83924760397.73582
3637,83935310275.47911
3638,83929010646.01329
3639,83920816133.16624
3640,83917078921.92845
3641,83914782733.48346
3642,83913977603.60446
3643,83914488904.54129
3644,83915269155.2446
3645,83912407964.75671
3646,83914074755.5302
3647,83913606981.66022
3648,83915292014.39658
3649,83915728490.18126
3650,83918473190.97803
3651,83950921002.89087
3652,83939395743.7062
3653,83949587610.96886
3654,83914153098.85956
3655,83947596324.14479
3656,83946610233.33751
3657,83946027465.25113
3658,83947467722.009
3659,83916132413.76253
3660,83931379770.30952
3661,83953204545.79395
3662,83950520173.36818
3663,83920787120.8694
3664,83948200033.6557
3665,83954063922.7858
3666,83945819973.25877
3667,83951482048.12325
3668,83913460587.80142
3669,83918405275.06427
3670,83937909747.25098
3671,83949930988.15042
3672,83936941882.0645
3673,83951141087.6004
3674,83941726239.93939
3675,83945827335.52695
3676,83946986987.12152
3677,83938549585.32253
3678,83930218084.34256
3679,83925302144.78922
3680,83949436000.21045
3681,83916025837.18622
3682,83948806367.93044
3683,83921774101.67279
3684,83914667869.66351
3685,83949570919.64825
3686,83935411654.38791
3687,83916802857.4047
3688,83914219183.767
3689,83914927441.08322
3690,83914926253.6148
3691,83915365796.97438
3692,83913400961.20523
3693,83914595966.0326
3694,83915055365.50868
3695,83912478507.71732
3696,83912646008.66956
3697,83914592951.53325
3698,83915616110.228
3699,83913976040.15488
3700,83915314061.80853
3701,83914132887.39365
3702,83912016060.37749
3703,83914935177.5406
3704,83917145147.6673
3705,83912558233.9812
3706,83915621800.81824
3707,83914598004.70348
3708,83928314301.11456
3709,83914333360.08559
3710,83915692046.39438
3711,83914577568.64922
3712,83915380752.62462
3713,83916269446.98462
3714,83916761874.20348
3715,83913888363.38496
3716,83915098285.99307
3717,83914842501.99243
3718,83914135462.7838
3719,83914586260.899
3720,83914418918.51385
3721,83912017013.27937
3722,83914605348.24942
3723,83914134912.93835
3724,83914713075.62738
3725,83914907103.14978
3726,83914542728.07086
3727,83912388537.0265
3728,83917165267.93619
3729,83912369589.53137
3730,83915019034.11647
3731,83914933566.31593
3732,83914333690.90967
3733,83915652284.65811
3734,83912772562.20615
3735,83915349655.38249
3736,83914629249.81602
3737,83916052627.2241
3738,83912567818.59099
3739,83914148752.13751
3740,83913519761.6168
3741,83916181984.59837
3742,83914524757.43863
3743,83933691087.44168
3744,83933691018.3087
3745,83933917260.14043
3746,83933136355.60864
3747,83923915841.40695
3748,83929810586.99057
3749,83932234307.78894
3750,83933499037.46652
3751,83928021438.2567
3752,83933479293.05571
3753,83934503814.39331
3754,83930176204.29901
3755,83925617019.83875
3756,83919616862.17264
3757,83930492500.94626
3758,83927695539.15881
3759,83930161905.7207
3760,83929945011.80806
3761,83932778668.86737
3762,83927730155.53021
3763,83931533105.246
3764,83933632323.16565
3765,83938135912.1637
3766,83926626701.7962
3767,83930775661.87225
3768,83932777083.62167
3769,83930740072.31848
3770,83932760630.15234
3771,83926292793.99673
3772,83935916811.11783
3773,83932336808.87895
3774,83938130449.87366
3775,83914591893.27971
3776,83916126297.96326
3777,83917699632.68637
3778,83916178389.33623
3779,83921062741.53415
3780,83918063812.65076
3781,83931327600.33032
3782,83924335136.24718
3783,83928354852.1954
3784,83936812928.15167
3785,83918875178.09338
3786,83925242734.43788
3787,83932971692.37367
3788,83919933425.19783
3789,83931941667.53914
3790,83949638667.88998
3791,83931150810.4227
3792,83930753519.73512
3793,83930329899.29984
3794,83916011234.3252
3795,83922878909.16422
3796,83917303495.99112
3797,83920930266.68907
3798,83922187760.81798
3799,83920242490.12553
3800,83926511331.44989
3801,83925746674.94514
3802,83921872901.97813
3803,83926238852.2092
3804,83917138846.06435
3805,83932139677.35556
3806,83928783088.4177
3807,83949554920.85944
3808,83929506647.61493
3809,83934737525.05386
3810,83938136158.73567
3811,83918189359.93686
3812,83913523713.88095
3813,83912848420.70204
3814,83912208693.73157
3815,83912213239.45772
3816,83913386281.2064
3817,83914904327.89612
3818,83914359200.5564
3819,83916062120.49918
3820,83915141947.62871
3821,83913065080.03888
3822,83915523065.7424
3823,83913383400.26375
3824,83912233874.10957
3825,83915102193.92458
3826,83914350386.61304
3827,83913940692.08241
3828,83913577713.64238
3829,83915794108.73787
3830,83912730916.80046
3831,83912564080.99408
3832,83912449868.49513
3833,83912712007.48767
3834,83915358030.85175
3835,83913029728.00607
3836,83912208673.09987
3837,83914710547.53253
3838,83912378925.24835
3839,83912611905.64955
3840,83912931166.55176
3841,83912722697.67644
3842,83915170171.29646
3843,83912778109.10841
3844,83914153036.4956
3845,83912541145.96898
3846,83931112199.0234
3847,83912230816.99602
3848,83913261282.82971
3849,83912678493.15515
3850,83914738262.836
3851,83912876741.08308
3852,83913770825.74109
3853,83913893561.68228
3854,83916789241.62576
3855,83913818003.80542
3856,83912678963.82414
3857,83912364357.34122
3858,83912937641.36993
3859,83912611514.24709
3860,83916560096.23106
3861,83914244213.61041
3862,83912530413.38629
3863,83924254299.86525
3864,83925228621.18051
3865,83932364011.02852
3866,83934359734.16626
3867,83923826882.11327
3868,83931623330.23593
3869,83933870690.14178
3870,83935895898.44177
3871,83931673864.14737
3872,83922683427.23395
3873,83931778338.91003
3874,83927968326.81708
3875,83930111100.21161
3876,83932523403.09126
3877,83933371904.08452
3878,83936028977.02324
3879,83922698371.19312
3880,83932044190.3371
3881,83925900603.40332
3882,83932075030.40036
3883,83934232358.44246
3884,83925019608.39482
3885,83919858436.84416
3886,83932356422.67123
3887,83934241145.45502
3888,83922348765.34224
3889,83914478742.08691
3890,83936723290.1036
3891,83936717330.40346
3892,83939614238.68811
3893,83933238681.5063
3894,83925775802.85147
3895,83944793967.19188
3896,83940716542.22354
3897,83934014491.85701
3898,83914486672.38693
3899,83917065897.16078
3900,83943226228.32318
3901,83941936784.65427
3902,83922839567.3317
3903,83938433434.95564
3904,83939152324.25266
3905,83949822476.49756
3906,83938378424.66159
3907,83934182028.34164
3908,83944041668.33185
3909,83917521357.64627
3910,83951845108.87543
3911,83945443238.2781
3912,83938426930.34235
3913,83937024973.13535
3914,83917839768.9924
3915,83936263954.23862
3916,83945214260.70483
3917,83949395693.4636
3918,83934382074.7876
3919,83942688656.20297
3920,83943357809.0485
3921,83934735250.72919
3922,83937441363.72256
3923,83944501207.6494
3924,83914407006.20642
3925,83914445389.45258
3926,83912212307.60574
3927,83914576852.66019
3928,83914908190.55331
3929,83914718076.59958
3930,83912286297.52065
3931,83913656803.30452
3932,83912644220.12703
3933,83916341603.34682
3934,83914515977.84442
3935,83914580538.19052
3936,83915718103.25113
3937,83915059824.02884
3938,83913647613.06903
3939,83915327205.25633
3940,83912277728.78314
3941,83914048408.32387
3942,83916102451.71747
3943,83912644130.73822
3944,83912202201.48946
3945,83914088260.46317
3946,83914445184.8518
3947,83912298912.95654
3948,83912650609.93866
3949,83914644476.60706
3950,83914894614.6601
3951,83913992873.34113
3952,83915743601.38385
3953,83915196571.03543
3954,83914496295.56999
3955,83912201969.81352
3956,83912918734.75946
3957,83914288506.2612
3958,83912281712.19647
3959,83912419183.17068
3960,83914070687.27634
3961,83914783757.66663
3962,83912457925.77846
3963,83914766653.39769
3964,83914874960.57756
3965,83913250601.33083
3966,83912644195.94598
3967,83914860537.69691
3968,83912206453.1355
3969,83914316068.69434
3970,83911867138.52538
3971,83912636019.87006
3972,83914810979.01918
3973,83914935469.49384
3974,83912261843.15417
3975,83914015515.63428
3976,83912210721.62947
3977,83914804515.53958
3978,83913698847.52766
3979,83912303535.32703
3980,83914994793.0704
3981,83914403604.47893
3982,83914073910.18814
3983,83914817390.52802
3984,83931906096.72855
3985,83939600737.04565
3986,83943520126.48956
3987,83938357964.28339
3988,83938347575.30716
3989,83938349171.92163
3990,83937991962.23502
3991,83940200157.49022
3992,83945404317.956
3993,83917335417.90036
3994,83933098759.90948
3995,83938069236.19534
3996,83938145736.77081
3997,83938022141.1802
3998,83938022141.1802
3999,83936875283.38028
4000,83923330433.29427
4001,83938399011.06702
4002,83934700004.77882
4003,83930682574.27231
4004,83935768663.59
4005,83936650525.38553
4006,83924419678.64102
4007,83931745009.80893
4008,83940074015.94888
4009,83932207930.22044
4010,83940083364.14722
4011,83929118981.255
4012,83925288234.63896
4013,83938670162.85074
4014,83930527888.8465
4015,83915599660.53302
4016,83914928989.00464
4017,83914167289.49992
4018,83914723968.86047
4019,83914772051.53558
4020,83912889401.9445
4021,83913408223.35442
4022,83912326041.90677
4023,83930265675.4036
4024,83922198035.03496
4025,83931672578.04599
4026,83932114482.41855
4027,83934881942.13269
4028,83935386199.62611
4029,83928977340.92206
4030,83942354190.50296
4031,83934074159.29257
4032,83930529385.74196
4033,83915208916.63417
4034,83916860693.86243
4035,83915797497.30222
4036,83924500736.68434
4037,83913980426.0891
4038,83932217197.5112
4039,83924528560.85034
4040,83925748584.3238
4041,83926876808.96138
4042,83932047984.13805
4043,83933194551.34137
4044,83925643152.13571
4045,83937012433.55746
4046,83933784695.6427
4047,83922101180.44946
4048,83913835197.51213
4049,83915286000.22308
4050,83915666071.81468
4051,83915028323.53773
4052,83914072398.98523
4053,83915152439.37671
4054,83912633280.5769
4055,83917347430.98412
4056,83915071923.00479
4057,83913091912.06744
4058,83917010079.20009
4059,83915894874.07831
4060,83914076690.07162
4061,83914950414.26842
4062,83912789541.31732
4063,83915540581.03934
4064,83915115261.36833
4065,83913220408.07916
4066,83912062070.15536
4067,83912452660.54416
4068,83915169235.48201
4069,83915443467.82019
4070,83914609961.27379
4071,83915126428.4793
4072,83914087688.11768
4073,83915562460.2526
4074,83913570561.05626
4075,83913623109.84671
4076,83916123808.67972
4077,83914075313.08313
4078,83915814624.79741
4079,83919119598.62613
4080,83948870742.72342
4081,83929268249.05853
4082,83937102320.13626
4083,83950321877.54028
4084,83934287026.82373
4085,83934288076.91043
4086,83943321214.21349
4087,83920547558.46686
4088,83920143173.49942
4089,83920553125.9071
4090,83925009963.55733
4091,83931908551.31506
4092,83944844961.91225
4093,83939187414.52814
4094,83924491496.60707
4095,83933694409.73853
4096,83919720084.46884
4097,83933301729.38007
4098,83941371670.95581
4099,83940523458.92847
4100,83931017388.25284
4101,83927344157.89226
4102,83949970061.01059
4103,83929255620.1239
4104,83948124925.4298
4105,83925924913.2215
4106,83918003240.8544
4107,83954458156.92566
4108,83920363455.16202
4109,83915086608.13904
4110,83913854359.99968
4111,83913390412.63838
4112,83914809765.81982
4113,83912116364.80087
4114,83914575837.08386
4115,83913627958.48874
4116,83913294970.91031
4117,83916249508.48703
4118,83912117421.98434
4119,83915113802.50781
4120,83913451543.78831
4121,83951574672.66798
4122,83925732675.27237
4123,83950113228.12607
4124,83952179513.13971
4125,83923819247.27406
4126,83949567495.28494
4127,83915079765.1049
4128,83933947705.63373
4129,83913682481.68596
4130,83946941577.3215
4131,83953960536.88486
4132,83938829536.17993
4133,83914262893.36833
4134,83917039825.68399
4135,83922779236.28479
4136,83952345149.85867
4137,83950336645.17459
4138,83947929604.30418
4139,83920940903.41539
4140,83952428660.39087
4141,83954615328.1859
4142,83932313579.83475
4143,83915741140.82257
4144,83916435672.79573
4145,83936062333.29211
4146,83953604009.56705
4147,83952550055.26212
4148,83953971074.026
4149,83952978922.96988
4150,83946970437.5898
4151,83927417264.47208
4152,83920571686.36087
4153,83916839444.93047
4154,83915665623.22253
4155,83914115646.39423
4156,83915201252.79771
4157,83912552528.2822
4158,83914918898.47139
4159,83915717271.9253
4160,83912432263.23395
4161,83912551205.30008
4162,83917029903.58392
4163,83915121830.31969
4164,83915137450.4439
4165,83915033406.14966
4166,83915056126.87442
4167,83917412275.54977
4168,83912536710.64761
4169,83916984907.07861
4170,83917052806.94986
4171,83912516636.32877
4172,83912278542.00185
4173,83914769590.60684
4174,83915007597.11713
4175,83915848071.40245
4176,83915914823.30502
4177,83915061307.95834
4178,83912505870.36127
4179,83917156747.18643
4180,83915045965.57648
4181,83914483464.05893
4182,83912468835.36331
4183,83915776697.29106
4184,83915413270.93614
4185,83915788374.78815
4186,83915396203.13885
4187,83917422185.8854
4188,83915816219.58269
4189,83916538423.0308
4190,83912611546.79263
4191,83917340310.5083
4192,83914700730.25739
4193,83912521625.8942
4194,83920843631.31844
4195,83921375849.823
4196,83920580432.45505
4197,83918383870.0061
4198,83926659711.46948
4199,83923017281.11581
4200,83921704132.0682
4201,83919997528.99008
4202,83942321987.42792
4203,83931024036.45042
4204,83913532766.48631
4205,83912480671.52792
4206,83915349657.24051
4207,83937025628.75266
4208,83913075929.7284
4209,83937816929.54431
4210,83935784221.21455
4211,83935797680.94449
4212,83950737065.15048
4213,83932515912.24847
4214,83933098070.20767
4215,83936700073.60576
4216,83946667285.56345
4217,83931479516.37286
4218,83937477714.86475
4219,83932214217.97568
4220,83938793778.93802
4221,83938200472.97437
4222,83930743692.24919
4223,83935476608.64848
4224,83950877197.59454
4225,83932536784.59015
4226,83939528518.68452
4227,83948839621.97145
4228,83936497100.98315
4229,83935846922.1018
4230,83925234495.26566
4231,83931464632.15604
4232,83934886222.69446
4233,83932871293.90697
4234,83930784595.86552
4235,83935793617.16464
4236,83954439852.98866
4237,83932588369.33621
4238,83931578450.94888
4239,83938760668.01605
4240,83928844603.8555
4241,83912230042.94456
4242,83912260424.86713
4243,83913342892.26428
4244,83914195309.7174
4245,83912225653.99329
4246,83938261372.25227
4247,83933483532.54092
4248,83921565741.18896
4249,83917161010.84323
4250,83934396566.94432
4251,83952697272.44307
4252,83947397428.27272
4253,83934410423.0887
4254,83936272506.1384
4255,83940392454.36009
4256,83953278483.90547
4257,83938461194.2673
4258,83946497157.09662
4259,83930673365.88406
4260,83928523660.83649
4261,83944736663.6344
4262,83941828117.81541
4263,83915400182.72736
4264,83915447497.84474
4265,83914545588.72487
4266,83914477094.44984
4267,83912936231.69943
4268,83912885982.37193
4269,83912186299.89981
4270,83914536034.66644
4271,83918193597.87657
4272,83912963034.1434
4273,83938440512.59924
4274,83912908201.46938
4275,83914098156.75267
4276,83912172089.58746
4277,83912276106.79077
4278,83915976728.65154
4279,83917376364.31009
4280,83912303868.5581
4281,83913250912.51826
4282,83912288318.71906
4283,83915620633.26529
4284,83916973760.37596
4285,83915269627.55069
4286,83912292461.6019
4287,83914827682.95967
4288,83913926124.81857
4289,83912169358.42911
4290,83917789688.39813
4291,83934029964.88385
4292,83930895165.37183
4293,83934049013.53607
4294,83932236854.78955
4295,83944068305.04707
4296,83935111277.55722
4297,83912472119.81387
4298,83934335182.83044
4299,83942318424.6976
4300,83912691141.08635
4301,83919392713.35425
4302,83938589378.68127
4303,83924811567.95674
4304,83926623648.62854
4305,83937601616.11523
4306,83918186693.69125
4307,83923338245.37585
4308,83923873220.0802
4309,83917109433.95944
4310,83914635127.01328
4311,83916961290.29309
4312,83926388586.05826
4313,83932751631.96815
4314,83927416185.34149
4315,83934341911.47403
4316,83932204263.41742
4317,83931219236.50433
4318,83929045770.51157
4319,83938764675.56155
4320,83926198289.09494
4321,83933284762.92725
4322,83935888387.15077
